SNP	CHR	BP	A1	A2	BETA	SE	P	MAF	N
rs100000	7	1070640	A	G	-0.04973921702394028	0.002069689091206441	1.2810410836559448e-127	0.38957870465184513	400000
rs100001	20	2222869	C	T	-0.0018762239441082575	0.002597343192750364	0.4700714889349873	0.1925647133205499	400000
rs100002	15	2286643	G	A	-0.0022921713418785203	0.0034475505267277163	0.5061339379367729	0.1093814482635045	400000
rs100003	11	2722320	T	C	0.0006175716965465813	0.0022801868989072846	0.7865121113143567	0.2678459278696132	400000
rs100004	8	3276360	A	G	0.0009023460210345752	0.0029887096326044462	0.7627143731522518	0.13151283356139803	400000
rs100005	21	3667867	C	T	-0.00270973831478467	0.0025280786660501556	0.2837843553196664	0.3569329468949984	400000
rs100006	7	4741196	G	A	-0.0005152653470208219	0.0029736118017677773	0.8624319002353636	0.188973659694664	400000
rs100007	19	5345760	T	C	0.004426146336551309	0.0029740903783023846	0.13668884648392213	0.1546398911042106	400000
rs100008	11	6409861	A	G	-0.04003798303768306	0.004470502169044751	3.365569571874019e-19	0.056934218134588654	400000
rs100009	11	6562067	C	T	-0.0032067828627064593	0.0027572006282326153	0.2448061749501823	0.20878398927713038	400000
rs100010	21	7195200	G	A	-0.0008585509305284181	0.003552157349361667	0.8090138295840777	0.08821658803038467	400000
rs100011	4	7285088	T	C	-0.014001813367924689	0.005989427619897202	0.019399969868112283	0.04307922363953178	400000
rs100012	8	7292518	A	G	-0.003634637176680247	0.0026593640051203985	0.17170940735085505	0.21853379084814795	400000
rs100013	3	8102173	C	T	-0.002843962237933532	0.0029517680761076337	0.3353079312946202	0.1652090206301772	400000
rs100014	22	8136029	G	A	-0.00232793923080542	0.00373109457735826	0.5326740165265271	0.09491412615004013	400000
rs100015	21	8468810	T	C	-0.0002658254900935277	0.0025386039321404954	0.9166033409425902	0.20333308945634793	400000
rs100016	2	9411883	A	G	-0.009797900477278128	0.0036241806882236025	0.006861755045824482	0.11335576118021182	400000
rs100017	12	10810404	C	T	0.0004747343463945126	0.002541344665925362	0.8518140028444063	0.3050754755723258	400000
rs100018	6	10818159	G	A	-0.0069081253812719335	0.006547424440619437	0.291383932637415	0.03229194745095618	400000
rs100019	2	11198499	T	C	0.0030631741060628045	0.002202894198643494	0.1643702500520059	0.3317133993796949	400000
rs100020	21	11466615	A	G	-0.0007918729065244483	0.002930944251391833	0.7870243011047463	0.1839868710425766	400000
rs100021	1	11986868	C	T	0.0027468904953803597	0.0029134026076939154	0.34575959114662513	0.18597737615401863	400000
rs100022	12	12082322	G	A	0.004203873979215367	0.0037860835244247805	0.26684867446952765	0.1133821336158876	400000
rs100023	22	12145552	T	C	-0.08849614556535576	0.0022301632105039357	0.0	0.39666145503450456	400000
rs100024	12	12552291	A	G	-0.0012384165446145169	0.002186443858590398	0.571117311998234	0.4576711913879317	400000
rs100025	17	12720477	C	T	-0.0015037815212970203	0.002596307168169919	0.5624541244199766	0.2640626922789991	400000
rs100026	10	13243026	G	A	-0.0016165997163875752	0.007185740358973968	0.8220000459186632	0.02620066483099977	400000
rs100027	16	13433196	T	C	0.0018886478749937196	0.0029684642054687415	0.5246217158171679	0.16851560247299713	400000
rs100028	15	13457080	A	G	-0.001921929920269504	0.00376335954941325	0.6095644534863046	0.09535219562985855	400000
rs100029	15	13831595	C	T	-0.00027006890726222275	0.002264491915454507	0.9050674129932939	0.417495945364958	400000
rs100030	19	13842659	G	A	-0.05730372014070115	0.0025000645977936247	2.876009818351177e-116	0.35827693163727525	400000
rs100031	12	14021573	T	C	-0.0024239917291409086	0.002678763794177875	0.3655226448147282	0.2198248077728683	400000
rs100032	20	14081782	A	G	-0.0023556961208057235	0.0024332981642699067	0.3329902909340867	0.49	400000
rs100033	3	14832640	C	T	-0.07191801211851324	0.0022549321866974694	3.2704381883650024e-223	0.4385873164400086	400000
rs100034	5	15509187	G	A	-6.293769701519606e-05	0.002437444172191364	0.9793999642563698	0.49	400000
rs100035	19	15677069	T	C	0.0010349869768452743	0.0023853920551601656	0.6643716042542738	0.49	400000
rs100036	7	16814828	A	G	0.002875219345021981	0.004279322510989729	0.5016559076535592	0.06936623502367995	400000
rs100037	21	17045907	C	T	-0.0027756353434661247	0.002525456499404148	0.2717406655375525	0.3435800193897483	400000
rs100038	9	17099248	G	A	-0.003517405227413612	0.0043313267973035755	0.4167428986873585	0.060275574539274804	400000
rs100039	7	17203305	T	C	-0.002800548340944364	0.002884925821781614	0.3316716472180814	0.22946418564516163	400000
rs100040	18	17663288	A	G	0.0038401217649025026	0.002718771517138119	0.15781826766682616	0.23191455385355783	400000
rs100041	4	17689088	C	T	-0.00041671669985468074	0.0034648262651154433	0.9042688005920256	0.0955136984238298	400000
rs100042	14	18310852	G	A	9.665279187971734e-05	0.0059923753897154096	0.987131242326604	0.0383164312748278	400000
rs100043	18	18864557	T	C	0.03308903621249757	0.005345633380819526	6.019524056160186e-10	0.055517055746833154	400000
rs100044	9	19100699	A	G	-0.002068783189182876	0.002890694243896454	0.47419513072189723	0.14638564482320826	400000
rs100045	21	19892008	C	T	0.0049078372517299814	0.0031374626893176127	0.11775428720155122	0.1532697491865992	400000
rs100046	2	20511512	G	A	0.0012425494743129573	0.003023038675827361	0.6810529898363942	0.1848385646004763	400000
rs100047	20	21568697	T	C	0.00011253136008498972	0.002842380759139704	0.9684195776634787	0.2252576420860242	400000
rs100048	15	23064334	A	G	-0.0032722041778760866	0.0029605837299454363	0.26904849524106145	0.16494541599085558	400000
rs100049	7	23558781	C	T	-0.0029719094673436993	0.0025577298928162965	0.24526288779533467	0.21562717121938685	400000
rs100050	12	24020885	G	A	-0.0008386061963329045	0.002714748300158457	0.7573918674335269	0.16830960055324892	400000
rs100051	8	26301054	T	C	-0.006856305081371952	0.00979483637427585	0.4839324294398163	0.013633836099420295	400000
rs100052	15	29267184	A	G	-0.00433827453434593	0.004064169295987652	0.28577123258965975	0.08078492900490052	400000
rs100053	3	30264326	C	T	-0.0009041137490992486	0.0024372400686834355	0.7106687998429506	0.49	400000
rs100054	14	30365614	G	A	-0.0007853863941431848	0.0036288571327832927	0.8286541205494666	0.08644512891812964	400000
rs100055	17	31061031	T	C	0.0005657851408754441	0.003990432436838487	0.8872495005052758	0.09309635551298596	400000
rs100056	4	31413513	A	G	-0.0010228385123764148	0.0020297658068004058	0.6143179670606445	0.46114059849246225	400000
rs100057	18	32206052	C	T	-0.0021528311273870406	0.0021365915474218836	0.31364619532514615	0.3951966956854063	400000
rs100058	8	33425301	G	A	-0.002284507433016659	0.0023480916751921917	0.33059262364412423	0.334243048912838	400000
rs100059	4	34978002	T	C	0.05260403114169494	0.0029673827790719595	2.5760147406673042e-70	0.16744630327806387	400000
rs100060	2	35861938	A	G	-0.0029087918622712097	0.0023237659284726813	0.21065817289384525	0.4683841683059031	400000
rs100061	6	36154828	C	T	0.000912639275524891	0.002512895809676713	0.7164687100721008	0.364966764529874	400000
rs100062	22	36409403	G	A	0.0012184411547767461	0.0023452021214466733	0.6033798137370827	0.4004455938737468	400000
rs100063	10	36427853	T	C	-0.0005560913086779004	0.004585356642355436	0.9034728440735814	0.07659256659457582	400000
rs100064	4	37081386	A	G	0.014315901279407262	0.008098012198262056	0.07708948544676374	0.022592422601094602	400000
rs100065	22	38342772	C	T	0.001474117916176581	0.0029381345666840185	0.6158652023801323	0.1833533899613483	400000
rs100066	18	39019582	G	A	0.007887503457185464	0.004279934022813326	0.0653431671605219	0.08485514002297853	400000
rs100067	12	39538877	T	C	-0.001582310650567288	0.0024303457815414244	0.5150051729323577	0.3383517220972585	400000
rs100068	2	39660995	A	G	-0.0014283170947204569	0.002253060078091884	0.5261164490006367	0.2913899399970004	400000
rs100069	10	39720111	C	T	-0.016296594752264817	0.0028015766922096694	5.9935764654469085e-09	0.22605274637443934	400000
rs100070	4	40010202	G	A	-0.0005373946724126122	0.0020553166294527236	0.7937334455009388	0.49	400000
rs100071	14	40521538	T	C	0.005835526695168529	0.003461853466883767	0.09186025995271778	0.12352176950717463	400000
rs100072	16	40902996	A	G	0.0008366502863328839	0.0024484909189816145	0.7325763833729922	0.3442639283655615	400000
rs100073	15	41201137	C	T	-0.002534220638268962	0.00242608001432065	0.2962197997787992	0.23008564361848582	400000
rs100074	8	41480309	G	A	-0.004704929787350295	0.002708939047446265	0.08241958182663553	0.1877331701762038	400000
rs100075	14	42142200	T	C	-0.00030064917516018806	0.0038427221931744042	0.9376382638377697	0.11181301737894682	400000
rs100076	8	42869822	A	G	-0.0002175996136356319	0.0024415616324883443	0.9289840558265168	0.3255233784182316	400000
rs100077	21	43573305	C	T	0.0006813698288647673	0.0021715864542596526	0.7536988275409968	0.39440207153842505	400000
rs100078	16	43734307	G	A	0.0029270119336172714	0.002417638327303447	0.22601401641375496	0.3602908848313916	400000
rs100079	13	43758171	T	C	0.011675730050181807	0.0108197443280224	0.2805372211836503	0.011220905305836708	400000
rs100080	18	44109628	A	G	0.018299650991713972	0.002849391097400163	1.3422852262124045e-10	0.19025226106304532	400000
rs100081	15	44558992	C	T	-0.004643490709355924	0.00358897903593028	0.19572780938133516	0.13449829151872156	400000
rs100082	21	44669391	G	A	-0.005391227373937664	0.0043684750394441954	0.21715776908020967	0.07620302499008164	400000
rs100083	13	44750190	T	C	-0.0016151586048446913	0.0021921211544158824	0.4612429460045765	0.44828350851665033	400000
rs100084	9	45079273	A	G	-0.002690045720022858	0.007335190371286642	0.7138192717675331	0.02682375026753876	400000
rs100085	15	45196734	C	T	0.0008661581829418739	0.002839284435230341	0.7603188263152328	0.23509930414547373	400000
rs100086	13	46791733	G	A	-0.0034208550123336285	0.004270903124658973	0.4231504048812835	0.06255309128099586	400000
rs100087	1	47547339	T	C	0.0015073947026226333	0.005376026626716257	0.7791767962272635	0.03980959161760389	400000
rs100088	7	47977874	A	G	0.0014862548508209573	0.004105221113792116	0.7173220304022374	0.0710375791335966	400000
rs100089	9	48010676	C	T	-0.014463070111616036	0.002322044953718531	4.706463444077599e-10	0.49	400000
rs100090	1	49518372	G	A	-0.003639713545370934	0.0032249152772934266	0.25905690522118274	0.14672423081004513	400000
rs100091	12	49763532	T	C	0.0013314792379644548	0.002846094859785738	0.6399085071737929	0.20292835222507766	400000
rs100092	8	49840101	A	G	0.011339289045105078	0.0054482556648963775	0.03740923344869122	0.05263299098415527	400000
rs100093	11	50437769	C	T	0.0011877661918926726	0.004830343712866915	0.8057621001900794	0.06370857604475352	400000
rs100094	19	51011985	G	A	-0.006267973321807627	0.0021225241851876003	0.0031462540932193045	0.38912027568259977	400000
rs100095	17	51066487	T	C	0.003131723963545528	0.0025237936332367593	0.21465024021552537	0.24398971872261413	400000
rs100096	8	51154221	A	G	-0.001551397731395045	0.002207616705216108	0.48221294770257206	0.49	400000
rs100097	3	52628164	C	T	0.009143736303117954	0.004035699822609674	0.023468980031968508	0.07998597614720099	400000
rs100098	3	53203051	G	A	0.030970343472341583	0.002312247585123399	6.551510259259012e-41	0.49	400000
rs100099	1	53827729	T	C	-0.00906292272885324	0.0053795447234079976	0.09204633255930865	0.05304341000974638	400000
rs100100	5	54953229	A	G	-0.0014814268281103868	0.004591311639067542	0.7469537028753678	0.05817024423876404	400000
rs100101	10	55564054	C	T	0.0042374796242587755	0.002752073418446467	0.12362355645134757	0.21448780235408269	400000
rs100102	7	56229238	G	A	0.003119731640442584	0.002820976196119579	0.2687676465170754	0.2275784598878663	400000
rs100103	9	56454431	T	C	0.004895563483882142	0.002199246158774615	0.026012916435486765	0.4878762913757001	400000
rs100104	7	56553464	A	G	-0.06427425269116173	0.003886191500719915	1.9175044881091416e-61	0.0782712264702166	400000
rs100105	9	57024141	C	T	-0.00015754377278953303	0.0027869113355744497	0.9549196900863719	0.19888769032080408	400000
rs100106	8	57294783	G	A	-0.002380434296389791	0.006219799876990612	0.7019282792960484	0.027579230801386617	400000
rs100107	12	57987271	T	C	-0.003988639358795625	0.006059089302563401	0.5103516474890291	0.042113315756100826	400000
rs100108	2	58235484	A	G	-0.0013927493629048602	0.0035490429991418353	0.69474085247697	0.09144138191826001	400000
rs100109	1	58395058	C	T	0.001256342553468688	0.0057772615734439535	0.8278472797941504	0.03797721259276891	400000
rs100110	16	58597408	G	A	-0.0020753344567780527	0.0024592161649378973	0.3987248484371919	0.29792691121217085	400000
rs100111	5	58849484	T	C	-0.004615314528471858	0.0027648379456292507	0.09506005045050729	0.2693555501097526	400000
rs100112	3	59720660	A	G	0.00042330818946239934	0.0026477176735210796	0.8729782550934082	0.1922365646183086	400000
rs100113	12	59842658	C	T	-0.0026142219228252692	0.0030180503419418863	0.3863829065900758	0.13514875170046822	400000
rs100114	8	60387253	G	A	-0.026540570808977412	0.008192956019695802	0.0011976561680319593	0.015378835555832136	400000
rs100115	22	60946863	T	C	0.0024043908688004666	0.004351307929955132	0.5805596765076266	0.06095209085852904	400000
rs100116	3	61084389	A	G	-0.0026595882714264994	0.002400222533219936	0.26783631975556743	0.2598161568807702	400000
rs100117	1	61995760	C	T	0.001718347873407746	0.002596517459183085	0.5081061653298707	0.26594515969237426	400000
rs100118	3	62681549	G	A	0.00398792698869508	0.006252157759748969	0.5235725608420692	0.029354838309196038	400000
rs100119	5	63468859	T	C	0.0005955613700749529	0.002100078796417701	0.77672459263505	0.3646234355012649	400000
rs100120	15	63784216	A	G	0.00707036154083879	0.0028317490473511206	0.01253133107715615	0.22965685783229275	400000
rs100121	14	65413145	C	T	-0.00033404117062952406	0.0024196790604136187	0.8901994394600161	0.28130972048699965	400000
rs100122	3	66432283	G	A	-0.0007181271942446122	0.0025141026522810467	0.7751541949815112	0.24772737451127022	400000
rs100123	1	66438362	T	C	0.002851848993804687	0.004171367608911597	0.4941820420144729	0.071367440723585	400000
rs100124	5	66557447	A	G	-0.00014250618036208657	0.002570116502019085	0.9557820643358661	0.3481117715588319	400000
rs100125	14	67689168	C	T	0.0025672683253252374	0.002212221130580585	0.245847923434389	0.3351581899129552	400000
rs100126	7	68606426	G	A	-0.005026888719631806	0.003961905197334206	0.20451029761875694	0.10354723351442398	400000
rs100127	9	69181511	T	C	-0.005507421309313977	0.0043982859740242545	0.2105063048065523	0.07806268805474034	400000
rs100128	15	69452891	A	G	0.001865155500201231	0.0024355345831130696	0.4437896658961443	0.22896600414545937	400000
rs100129	15	70334164	C	T	-0.002858714818574861	0.0024542307442597345	0.24409552983145244	0.49	400000
rs100130	10	70426200	G	A	0.0015135320792398971	0.0024848720112483867	0.542459081233182	0.2437809776334378	400000
rs100131	13	70800140	T	C	0.0007610811426731418	0.002056960238193487	0.7113803696982467	0.49	400000
rs100132	19	72086130	A	G	-0.002934997268739493	0.004226129263500039	0.48737604442219096	0.08709683983262725	400000
rs100133	7	72209537	C	T	0.001012780115503548	0.002758339933886941	0.7134920959108431	0.23195886766183293	400000
rs100134	17	72572282	G	A	-0.003092344832452423	0.0025047495171478225	0.21698222187092164	0.296760529704347	400000
rs100135	20	73571674	T	C	-0.0022289263953175387	0.0022291494746342353	0.31735894011514654	0.32147631839103474	400000
rs100136	4	74190814	A	G	-0.0005311432048989734	0.002239336689387455	0.8125111482710554	0.4464387157708395	400000
rs100137	5	74658410	C	T	0.00034366517832456887	0.004354170460609172	0.9370900358403762	0.07992753633872021	400000
rs100138	7	74851335	G	A	-0.0009001371929414065	0.0029645024701769073	0.7614032885958277	0.15544485848697942	400000
rs100139	13	75062621	T	C	0.0013886356089213548	0.0032061519887273894	0.6649305257924023	0.12934545336052364	400000
rs100140	15	76356616	A	G	0.0013483928739446358	0.0034710667942221313	0.6976709033030217	0.09275814563369847	400000
rs100141	11	76524262	C	T	0.08506218160332082	0.002307355385366318	1.6412912182665753e-297	0.2883246194614759	400000
rs100142	4	76589337	G	A	-0.0002850615004044298	0.0029916614563058204	0.9240881809799962	0.20238247787253252	400000
rs100143	13	77246546	T	C	0.002714165314736289	0.0022720981103915364	0.23225764399630777	0.38391746939154	400000
rs100144	7	78264088	A	G	0.002958743601822816	0.003213491491642623	0.3571937526030904	0.17693491898718025	400000
rs100145	19	78273675	C	T	0.005023500971231441	0.002189865177749228	0.021791803628909572	0.49	400000
rs100146	22	78498463	G	A	-0.000496587254731977	0.003902207932461332	0.8987361853643293	0.09913555003350122	400000
rs100147	2	78982667	T	C	-0.002148065111378364	0.005110076231922781	0.6742234183288425	0.04589035295336413	400000
rs100148	10	79733130	A	G	0.004649328693906053	0.0036967083188246073	0.2085023626008029	0.09571683447964513	400000
rs100149	13	81155332	C	T	0.0010798105594206245	0.002801555028269621	0.6999169543858493	0.16859231942926464	400000
rs100150	21	81197726	G	A	0.0027787728507047294	0.0021681058539707427	0.19996221738053477	0.49	400000
rs100151	6	81497273	T	C	0.0020663666107115872	0.00288277075311426	0.47349825351159813	0.1889855978812827	400000
rs100152	12	81768647	A	G	-0.008040462972785357	0.003816502587363426	0.035138206993819254	0.11728532375474973	400000
rs100153	12	81890201	C	T	0.0008940754012623369	0.0023758269008924554	0.7066776914811745	0.3826816123434242	400000
rs100154	20	81954884	G	A	0.0008325708624006245	0.002675219575480687	0.7556364979303284	0.19061228130460128	400000
rs100155	11	82052418	T	C	-0.0006134879212660004	0.005854616351031875	0.9165447935363001	0.031099569630839954	400000
rs100156	7	82251088	A	G	-0.00028557126576119683	0.002159442457331321	0.8947920478745436	0.35678900237515654	400000
rs100157	1	82550308	C	T	-0.0036264925430205598	0.002277742225943984	0.11135245864557441	0.4452456510306449	400000
rs100158	1	83537517	G	A	0.0030413854589651677	0.0034791418064130924	0.38202191452126355	0.13191231741904044	400000
rs100159	20	83649048	T	C	0.0015512380932977668	0.004150265182135018	0.7085766105362004	0.09492936271007493	400000
rs100160	13	83716910	A	G	0.00282896127370869	0.002567216371015363	0.27048049769358806	0.1913095200176651	400000
rs100161	9	83896667	C	T	-0.0034571158911935276	0.0022466960063859485	0.12386399148485781	0.49	400000
rs100162	3	84845477	G	A	-0.05768755731912802	0.0022234842044494075	2.0885764119478034e-148	0.49	400000
rs100163	7	85729603	T	C	-0.0006056655904844657	0.0025810419343073676	0.8144731504502759	0.2753516281256436	400000
rs100164	6	87205129	A	G	0.0005657238906560028	0.0039344302139587475	0.8856678711765764	0.09096037322298828	400000
rs100165	8	87601594	C	T	-0.0009257670032381026	0.004148451876774837	0.8234112670011157	0.08547548884562241	400000
rs100166	9	87787694	G	A	0.0012542264256268257	0.0023072261499951555	0.5867113033762199	0.49	400000
rs100167	5	87966281	T	C	-0.00036216008256519826	0.0022235718230261044	0.8706183345453309	0.31444852986277594	400000
rs100168	1	88220897	A	G	-0.002554662737991604	0.0024285830318990466	0.2928385836657509	0.3909385249951341	400000
rs100169	19	88580056	C	T	0.00023555927640140696	0.002725578651625165	0.9311282412552532	0.1742106860197845	400000
rs100170	10	89146618	G	A	-0.054557761907338465	0.0034299496593918253	5.731375690620274e-57	0.13238136487185498	400000
rs100171	12	89825083	T	C	-0.00023914095245078097	0.0028676168418348504	0.9335385604475573	0.17898998793878695	400000
rs100172	15	90268367	A	G	0.018073662345668658	0.0028531536980559657	2.3791726970542633e-10	0.19081622764577408	400000
rs100173	22	90630668	C	T	0.001851421033886343	0.0027121640335908237	0.4948368272093593	0.2729586186517267	400000
rs100174	9	90838873	G	A	-0.0781144203633725	0.004935483858281909	2.0231858322565317e-56	0.06368660355824059	400000
rs100175	20	91012399	T	C	-0.004528100386724315	0.0033587422634856028	0.17760899320732448	0.14692783149899216	400000
rs100176	17	91197406	A	G	0.0022511485418589237	0.0024401014138839753	0.3562347154893779	0.3019914961689227	400000
rs100177	17	91372540	C	T	0.0021971922871990676	0.0034527193897722435	0.5245380736137596	0.13257244985050276	400000
rs100178	20	91864817	G	A	-0.0011361134782613808	0.0034709544085308056	0.7434257186071712	0.11828243783293473	400000
rs100179	12	92063625	T	C	-0.01129273962496535	0.009801284277898257	0.24925147775560164	0.01523905619455386	400000
rs100180	7	93525563	A	G	0.03761397578224349	0.002359955191266537	3.428711916186106e-57	0.3150610284231865	400000
rs100181	2	93792001	C	T	0.00033614475101797586	0.0027305291378896582	0.9020230931290376	0.2779026051985318	400000
rs100182	3	93800518	G	A	0.0023107798074313373	0.002499939523991325	0.35531229860449676	0.3820697943801606	400000
rs100183	17	93903549	T	C	-0.033387921249393514	0.0029634386561027703	1.9180357112847315e-29	0.19409977357669436	400000
rs100184	5	93924887	A	G	0.0027340616241691073	0.002288066765520253	0.23211745378719384	0.3215723844505617	400000
rs100185	17	93992904	C	T	-0.002537627889257082	0.004697110193906587	0.5890225641424213	0.05124189072738245	400000
rs100186	17	94198563	G	A	-0.003624603887449081	0.0026932072262518553	0.17835677236033687	0.271203243473131	400000
rs100187	17	94580482	T	C	-0.0055480156588320765	0.004899849999476032	0.25751557765396116	0.04759280991801603	400000
rs100188	2	94691765	A	G	-0.10389178039962307	0.0032761736551939003	1.0848693547525723e-220	0.1587483810133747	400000
rs100189	2	94831305	C	T	-0.00017000388075096343	0.002594904292094424	0.9477643545955967	0.2449570150799808	400000
rs100190	22	94837987	G	A	0.0009391712076584197	0.0028645395593628214	0.7430166563122804	0.17858836659410024	400000
rs100191	5	94842126	T	C	-0.00033774850791820925	0.0037372296415058327	0.927989992396693	0.11857264708594815	400000
rs100192	1	95562311	A	G	0.004927244146455755	0.005041595002515467	0.3284114891138594	0.0541776936299397	400000
rs100193	1	95804867	C	T	-0.0014975188320975811	0.005735552204801087	0.7940199426284262	0.040839118512044977	400000
rs100194	19	96192946	G	A	-0.00914139879643693	0.00457922530929142	0.04590386010255821	0.06528217692527216	400000
rs100195	2	96282726	T	C	-0.0003429080247195235	0.0028316878773805986	0.9036144520959429	0.18056374449255713	400000
rs100196	21	96632207	A	G	-0.005106384614729314	0.0025445678917452794	0.044773233125106726	0.314914709406312	400000
rs100197	12	96856757	C	T	0.000607054657637581	0.002236826940253887	0.7860903379681285	0.3442362860799272	400000
rs100198	6	96939748	G	A	0.0029469554241532956	0.0027875283197891696	0.2904235143398105	0.2557664060953709	400000
rs100199	4	98148566	T	C	-0.0026025638053080408	0.0026389162320620946	0.324022965997235	0.2972684812485741	400000
rs100200	11	98278998	A	G	0.005294488189478348	0.0037323063930177276	0.156028301170966	0.0925629870141036	400000
rs100201	17	98663674	C	T	0.003292038537275242	0.003905928449930651	0.39932283093487864	0.09953322123219756	400000
rs100202	6	100204497	G	A	0.0028644614438177005	0.0023742300534004765	0.22763240621810799	0.3526666008304118	400000
rs100203	5	100471732	T	C	0.0006578856542539153	0.0034705226335210145	0.8496509119870359	0.10904141786538543	400000
rs100204	20	100981544	A	G	-0.0032496161506375	0.003273297885551402	0.32082440447912897	0.16920629213364158	400000
rs100205	2	101532608	C	T	0.00176782976064328	0.0022640814943836987	0.43491105881624803	0.27581624450122916	400000
rs100206	6	102370985	G	A	-0.002804288978712068	0.0044897292788467855	0.532233024403532	0.05957681868851531	400000
rs100207	22	103318312	T	C	0.0002647296643508178	0.0022456697075925844	0.9061591699779135	0.4882106074871208	400000
rs100208	11	103855910	A	G	-0.0005849113857069868	0.0034135278479380626	0.8639477868540404	0.12346343465412503	400000
rs100209	16	104231399	C	T	0.0026037062559103145	0.002315031428430439	0.26071793800671317	0.4083872526096557	400000
rs100210	16	104982440	G	A	0.014180173781024525	0.002956114071607921	1.6114266382542696e-06	0.19636534684684503	400000
rs100211	1	105544289	T	C	-0.0001874133010613038	0.0023262141626731276	0.9357872667469114	0.4136835667930046	400000
rs100212	9	105884334	A	G	-0.004625015282342375	0.004111770384922804	0.2606639035503536	0.0839842060519397	400000
rs100213	6	106071545	C	T	-0.0017622389349078893	0.0027741856701136206	0.5252800720186372	0.16045279044752922	400000
rs100214	16	106859763	G	A	0.0032872729502876432	0.004667947889997004	0.48129435217358285	0.0579233424351614	400000
rs100215	3	106967805	T	C	0.0006985206109861836	0.0024937344614805617	0.7793929125318992	0.23550069939926535	400000
rs100216	20	107222252	A	G	0.0329470867519037	0.0022692593754162424	9.201169496764758e-48	0.32822427013558336	400000
rs100217	4	108145828	C	T	-0.004120690192680942	0.0022809241816492297	0.07082654622011116	0.43302456721244353	400000
rs100218	19	108523287	G	A	0.0005796409334312592	0.0029647764974909644	0.8449943751108018	0.14733746569959988	400000
rs100219	3	109331512	T	C	-0.0037804312296143387	0.0035763734877117164	0.29048549766336285	0.09980040275795685	400000
rs100220	19	109352980	A	G	0.015749215675009726	0.002128706012221649	1.3773906863643316e-13	0.45107013015572206	400000
rs100221	20	109664778	C	T	0.0021589957803692665	0.0032098884505487495	0.5011968834262933	0.1745163024825302	400000
rs100222	7	110164720	G	A	0.002927951165184641	0.0024354156702317505	0.22927102819399403	0.49	400000
rs100223	20	110367730	T	C	-0.0021317980132803975	0.0028397392527319226	0.4528320028407631	0.20318236076125934	400000
rs100224	9	111477445	A	G	-0.0002104333549242436	0.004701338443594874	0.9642983633004051	0.07170760246666506	400000
rs100225	1	111933452	C	T	-0.00020651256049845248	0.0027814388398524556	0.9408141142063157	0.2365112976138632	400000
rs100226	8	112023110	G	A	-0.0005617352995223075	0.0034209577194218807	0.8695704698886332	0.12675501871568137	400000
rs100227	7	112274973	T	C	9.757334537976374e-05	0.0024033745750485697	0.9676159990078547	0.2275842637580854	400000
rs100228	18	112586533	A	G	0.0017867322372489953	0.0023618437138439954	0.44935011498792754	0.4712680429955429	400000
rs100229	8	113347791	C	T	-0.0019343009289115728	0.0028702048505864254	0.5003594124605838	0.20720843252754684	400000
rs100230	1	113521305	G	A	-0.008641655752014584	0.00566562842267022	0.12718988873297588	0.042569743014085074	400000
rs100231	11	113539028	T	C	-0.023944510825642692	0.0024472287671388256	1.3145405032587153e-22	0.3622568685598248	400000
rs100232	18	114245302	A	G	0.003113149516229934	0.0028576159945442395	0.2759678674408865	0.18994603877560465	400000
rs100233	10	114442790	C	T	0.11677655911778807	0.003817400292693504	1.632382040003079e-205	0.10367055140110047	400000
rs100234	3	115694229	G	A	0.00035672614763823	0.0026301029591583778	0.892112199924117	0.3090187609967141	400000
rs100235	7	116438617	T	C	0.0022069977034038352	0.0021836281554889277	0.31215900073533864	0.4733588658895981	400000
rs100236	16	116546206	A	G	0.0026501056284022324	0.003537984183396741	0.45383071933538455	0.12363302564270766	400000
rs100237	16	117595132	C	T	0.0014162371769910202	0.0030653601239492164	0.6440717756735388	0.1561085363926212	400000
rs100238	20	118601287	G	A	-0.00486617163737515	0.0045975115180562865	0.2898567204898489	0.06795263591639808	400000
rs100239	17	118758049	T	C	0.004363258487015272	0.0025260513935662847	0.08411309464781393	0.3184442206267138	400000
rs100240	2	118922192	A	G	0.0004497063301979808	0.0020361705427094728	0.8252023216483003	0.47119226380867185	400000
rs100241	1	119338832	C	T	-0.001413028438009447	0.0027439616094551765	0.6065814895152103	0.22777867197464657	400000
rs100242	16	119550901	G	A	0.046948253992643504	0.002335228871475132	6.760296753588357e-90	0.2875133512462564	400000
rs100243	12	119975349	T	C	0.0002348510914400197	0.00244487207677567	0.9234739982972122	0.33747563257360635	400000
rs100244	5	121907878	A	G	0.0008121955823995081	0.0023219006846508816	0.7264905048123376	0.35484657727004637	400000
rs100245	5	122160976	C	T	0.0008654658854473893	0.004260247535645976	0.8390184161107737	0.0836032973097762	400000
rs100246	9	122562775	G	A	0.0010586985984834575	0.002131140608334752	0.6193473220460236	0.37886141595705813	400000
rs100247	9	122848736	T	C	-0.0036151975189069514	0.0036947972955843154	0.3278487176885977	0.10789028069996029	400000
rs100248	3	123332984	A	G	-0.004710754705576533	0.0032463193238116677	0.14675023825031794	0.12361476197447893	400000
rs100249	19	123415538	C	T	0.0034338949270519645	0.0023944052537267636	0.15153439125013754	0.49	400000
rs100250	16	123794587	G	A	-0.02132110142711325	0.0026156488902897824	3.598476388348055e-16	0.31386459193123645	400000
rs100251	16	124291756	T	C	0.004778995117099613	0.006199665299675906	0.4407974605866818	0.04097904290726181	400000
rs100252	3	124620654	A	G	-0.005151659299787534	0.0029274796464868282	0.0784486401004565	0.20612282568285983	400000
rs100253	20	124637835	C	T	0.003443915032383485	0.003228620575546441	0.2861149571613214	0.15706440042038178	400000
rs100254	22	125825546	G	A	-0.0014303156585895704	0.002742770911007112	0.6020285027751424	0.18029782378032674	400000
rs100255	1	126235646	T	C	-0.003495266901062003	0.004335385935169418	0.42011706553802963	0.06665721314973073	400000
rs100256	20	126430852	A	G	-0.00015591422020943738	0.0024602560679126088	0.9494693534187887	0.28479977475734786	400000
rs100257	11	126881648	C	T	-0.002822628667334568	0.002886181782521696	0.3280841117760518	0.21175903468236854	400000
rs100258	17	127223660	G	A	0.022745306311406522	0.0031164539054496544	2.9108546661960046e-13	0.18528172048704278	400000
rs100259	8	128094160	T	C	-0.0011556794187052607	0.008476554425164514	0.8915538103630997	0.015542488314388522	400000
rs100260	4	128212314	A	G	-0.07508053993660381	0.0029271560889164716	4.2658265730705324e-145	0.21995686183009747	400000
rs100261	6	128833288	C	T	0.003652804930086232	0.0024137299371835893	0.13019217416439	0.36460849655786026	400000
rs100262	8	128949593	G	A	0.004168130266138558	0.0028134227702993186	0.1384691796704358	0.20844514815634158	400000
rs100263	20	130716977	T	C	-0.010900902533013894	0.004813791311692212	0.023542459509424407	0.050178768065751	400000
rs100264	3	131489576	A	G	-0.003081692248859725	0.0032953395592272595	0.349702329929961	0.10700316277868731	400000
rs100265	16	131682380	C	T	-0.005262570283833086	0.0023133328513418793	0.02291272356583986	0.40009786133202474	400000
rs100266	3	131876923	G	A	0.016213777549699535	0.002304288754861904	1.9734372037116044e-12	0.49	400000
rs100267	18	131883819	T	C	-0.002315394638636018	0.0035647878685557566	0.5160034794568553	0.09665763283292259	400000
rs100268	14	133985867	A	G	0.003891767341053142	0.009479131016429566	0.6813940146612392	0.014435789090751551	400000
rs100269	18	134541075	C	T	-0.010720652198794206	0.002405876521154486	8.349228477900711e-06	0.45360460430151295	400000
rs100270	2	134796590	G	A	-0.0011742717607599034	0.0023863913497036374	0.6226698091258955	0.49	400000
rs100271	22	134833947	T	C	0.0004761472188356019	0.002619580495251138	0.8557674014957837	0.311921102344026	400000
rs100272	3	134973601	A	G	-0.006705679911886835	0.003923034033468866	0.08739360763049522	0.08397336929580493	400000
rs100273	16	135285389	C	T	-0.0018143856506324235	0.0021636065644225553	0.40169765424668846	0.45467165076064214	400000
rs100274	9	135415503	G	A	-0.00594056207199507	0.011797207637477426	0.614572978884738	0.01	400000
rs100275	4	135666073	T	C	-0.000752948537520507	0.0037200649193814524	0.8396024738727301	0.09732573957607413	400000
rs100276	1	136852884	A	G	0.00020255945885565792	0.002632215149103697	0.938660146855515	0.18675218909720503	400000
rs100277	4	137590867	C	T	0.004679543692061162	0.003118344949019471	0.13344616614376403	0.13616129828311782	400000
rs100278	1	137600085	G	A	0.0019984276012846598	0.002200096932072094	0.36370064285241144	0.49	400000
rs100279	14	138184150	T	C	-0.0031154594999253144	0.004049680103912354	0.4417092876286298	0.07576590251119827	400000
rs100280	21	138343082	A	G	-0.0009641781569867788	0.003689517572253916	0.7938387587540086	0.09474363773727244	400000
rs100281	16	138926382	C	T	-0.0007254030320022556	0.002201933378059468	0.7418237900893863	0.3859077367478099	400000
rs100282	20	139795966	G	A	-0.0017099150308233192	0.0033256961229991997	0.6071453628556835	0.10407100863056681	400000
rs100283	8	140066015	T	C	0.0007094649163929539	0.002603389782064236	0.7852254243470476	0.2648031228849079	400000
rs100284	7	140218773	A	G	-0.004770728594240436	0.0025652118750415483	0.0629167213755153	0.27070807798420143	400000
rs100285	3	140941329	C	T	0.002179270300262198	0.002474434765616835	0.3784724272623864	0.31798822535948096	400000
rs100286	17	141090082	G	A	0.00552059382885137	0.0032597745866951374	0.09035067569353689	0.11738011500832632	400000
rs100287	1	141418374	T	C	-0.0008371526331737892	0.003102397553345936	0.7872829323433842	0.1387152199248964	400000
rs100288	16	142802881	A	G	-0.0009887697794352009	0.0034170398763862402	0.7723025156890768	0.12883861815511818	400000
rs100289	12	143452407	C	T	0.00038150469713553985	0.0024292815809331633	0.8752099764940602	0.3277760668586992	400000
rs100290	19	145538583	G	A	0.0027099635551361303	0.002658427343896951	0.3080197609028207	0.23040899615165328	400000
rs100291	22	146066408	T	C	-0.0008330123976535367	0.002568697308813374	0.7457156761303693	0.23219333425630945	400000
rs100292	22	148435376	A	G	0.005076692908990565	0.00543575050576101	0.35033217893372404	0.05231827949229254	400000
rs100293	14	148516100	C	T	0.00135598880056816	0.002775851768778402	0.6251994983981983	0.18694118403729887	400000
rs100294	6	148847812	G	A	0.006881476727121257	0.002913890320353474	0.018195702030379735	0.17537257291847955	400000
rs100295	6	149791186	T	C	-0.0010178454228519894	0.0030969365971585403	0.7424111681957685	0.1680077335145087	400000
rs100296	13	149899044	A	G	-0.006258506991530114	0.003167259905608233	0.048154726494352124	0.14894527825289422	400000
rs100297	19	150370722	C	T	-0.0035467206473333676	0.002475137007660609	0.1518752361226417	0.2586146498598302	400000
rs100298	22	150951937	G	A	5.287771700423221e-05	0.004432986637534208	0.9904828692287695	0.06638947172138226	400000
rs100299	8	151652071	T	C	0.02149605716862914	0.0038930060034798927	3.357128257934619e-08	0.10311178316941724	400000
rs100300	2	151835881	A	G	-0.0021741673929326806	0.003332010631346596	0.5140727782743237	0.11635812937003186	400000
rs100301	21	152765117	C	T	0.06381126491643098	0.00306398103368457	2.502581033495362e-96	0.13227356580598504	400000
rs100302	1	153347982	G	A	0.003805242144119635	0.0055563736558649915	0.4934431635829297	0.03904310844055148	400000
rs100303	15	153945311	T	C	-0.0035202688557764393	0.0036470679218383677	0.33442832149216273	0.1226085782462971	400000
rs100304	1	154382256	A	G	-0.0014425050060397173	0.0023598514958213636	0.541021245974608	0.25317073058535017	400000
rs100305	5	154568563	C	T	-0.005315101310819362	0.004551665528597839	0.24291702824903683	0.07903096436262448	400000
rs100306	16	155306093	G	A	0.0026590650932636043	0.0022568338926278195	0.23870568575470685	0.47680898917969006	400000
rs100307	19	156030437	T	C	0.014056047988388214	0.009117400190777196	0.12315312201612288	0.018434766335091727	400000
rs100308	4	156032720	A	G	-0.004071232556725363	0.002577683879036816	0.11424090142618054	0.33450628390598114	400000
rs100309	3	156506676	C	T	-0.0006945192655019816	0.004884599839252993	0.8869334855456177	0.0543614246473276	400000
rs100310	17	156714551	G	A	0.0030478188010336755	0.002165783878474123	0.15935060957794667	0.37883390524140736	400000
rs100311	17	157118066	T	C	0.0011474577387083267	0.0028780326069741007	0.6901178171699047	0.15555723161662285	400000
rs100312	12	157601538	A	G	-0.001165020294937868	0.0023812895948596667	0.6246723366868947	0.27220013808839055	400000
rs100313	14	157637208	C	T	-0.00442086304220708	0.002859249354343009	0.12206541941432092	0.2102090091248632	400000
rs100314	21	158155630	G	A	0.0028639960936967233	0.0024840709721630576	0.24893314405456113	0.24425253039235018	400000
rs100315	6	158458712	T	C	0.0015634305731570442	0.004336656286192358	0.718461880646429	0.06677602738972341	400000
rs100316	3	158553165	A	G	-0.0032713348513950216	0.0022208860031696052	0.14075470626791492	0.45833334244529217	400000
rs100317	9	158832377	C	T	0.0054574149910099	0.004586482916429467	0.23408921511566216	0.07532416497044406	400000
rs100318	5	159148712	G	A	-0.0033756019794518913	0.002109219237018042	0.10950908548494843	0.446610778232584	400000
rs100319	17	159461992	T	C	-0.0007108240364284063	0.0032238942128252146	0.8254925544449103	0.10965971847245261	400000
rs100320	14	160371374	A	G	-0.0009432921702191545	0.0035647760997339494	0.7913062921384767	0.08990108709015152	400000
rs100321	21	160546825	C	T	0.005536481900617913	0.0034209996135827073	0.10558044327692186	0.14616518540478585	400000
rs100322	3	161045166	G	A	-0.0007289601258440859	0.002792456463715642	0.7940568858710597	0.21698007708062564	400000
rs100323	1	161996370	T	C	0.07015349752320417	0.0032971613666160924	1.8568006135537168e-100	0.11892304405813474	400000
rs100324	20	162563548	A	G	-0.00301258823142554	0.0022101357876473716	0.17285782077738232	0.33852244251633307	400000
rs100325	21	162566703	C	T	-0.0021326102603209138	0.003330134274465022	0.521914091380625	0.11741836040557187	400000
rs100326	1	162998627	G	A	-0.0018100337113938542	0.002214662625733328	0.4137596001415663	0.31861672780212685	400000
rs100327	3	164584805	T	C	-0.0018625622193369044	0.0024340143493995605	0.4441391435474481	0.49	400000
rs100328	18	164920642	A	G	1.705175783652136e-05	0.0027132930698662225	0.9949857076236059	0.25432274755620377	400000
rs100329	10	165151551	C	T	-0.006844369068726772	0.0028117802426045587	0.014925719753367038	0.1929757056113558	400000
rs100330	22	165991210	G	A	-0.006368772282022349	0.004217086964951	0.13098468361084015	0.0888116933341019	400000
rs100331	3	166875252	T	C	-0.00027454725105592967	0.0024729781715082744	0.9116013802742728	0.24392200429140823	400000
rs100332	8	166883132	A	G	0.0004037218399103865	0.0033295360605935724	0.9034893127392909	0.14329577940177426	400000
rs100333	14	167261173	C	T	-0.0006921319451638362	0.0029650158383256655	0.8154253469195113	0.20531684736810188	400000
rs100334	18	168061473	G	A	-9.042822730209573e-05	0.0022166774919546166	0.9674597322185023	0.40013433958645667	400000
rs100335	15	169239170	T	C	-0.0010345632127872874	0.002528773406545349	0.6824540846513436	0.31594547760623315	400000
rs100336	22	169844360	A	G	-0.00013965360613512628	0.007546965714523546	0.9852363053489694	0.020609123650708425	400000
rs100337	2	170373756	C	T	0.0009332577479694663	0.002149659038933811	0.6641851679686521	0.4712973376873733	400000
rs100338	10	171158648	G	A	0.0011058108870974418	0.0025889102471372857	0.6692819274587971	0.19724150640749952	400000
rs100339	2	171430731	T	C	-0.0015619629970609747	0.002267136841764317	0.49084943948762316	0.38774522568465214	400000
rs100340	17	172023458	A	G	0.0035330769806042623	0.0038608865593680987	0.3601418963311406	0.10217901184685368	400000
rs100341	8	172086852	C	T	0.0004847220590743118	0.0030852656538627797	0.8751591854576263	0.19252599666639442	400000
rs100342	1	172544971	G	A	0.0041433061489248284	0.003362489223245219	0.21786917125810112	0.13284248576679555	400000
rs100343	9	173721659	T	C	0.003440488506699684	0.002401112919492266	0.15189429714359992	0.47653411540185947	400000
rs100344	11	173891082	A	G	-0.0034347978568271347	0.002380768170397339	0.14909746874910176	0.49	400000
rs100345	22	174009356	C	T	-0.00395699056248345	0.004606360545430923	0.3903253227027237	0.054427001810020206	400000
rs100346	16	174519532	G	A	0.003088817818488043	0.003796724553106729	0.4159039147722142	0.09530664092024417	400000
rs100347	7	175478184	T	C	-0.003729650298526489	0.00224017495270813	0.09593422072824317	0.3060385658444045	400000
rs100348	10	176459001	A	G	0.004205712694871842	0.002961400448924115	0.15555616868480776	0.18872425858958622	400000
rs100349	3	176529362	C	T	-0.003138679170186976	0.009127193025788499	0.7309348826678987	0.01815642096899983	400000
rs100350	18	177707005	G	A	0.0022951783340807662	0.003991385179541263	0.5652689552347998	0.07278342448265426	400000
rs100351	13	178018926	T	C	-0.0004447140257275495	0.0038208737264389123	0.9073429350587968	0.10480309375887936	400000
rs100352	7	179580630	A	G	-0.0037074196351583994	0.0026626310821653643	0.1638044739117428	0.24655182842162712	400000
rs100353	4	179838386	C	T	0.0027993293227678018	0.0026520237203750113	0.29117632189879905	0.24255291641894822	400000
rs100354	13	179871077	G	A	0.00769587939435615	0.0027977660087620043	0.00594638968897287	0.18815354290113734	400000
rs100355	20	180606266	T	C	-0.07553337339440316	0.002275070248156121	1.06030180155118e-241	0.35070216718826186	400000
rs100356	1	180936571	A	G	-0.0006667133815096484	0.002068235447024712	0.74718108121081	0.40770904266445585	400000
rs100357	8	181741265	C	T	-0.006240275713939121	0.0023556214525042598	0.008070655618494795	0.27766320359895064	400000
rs100358	14	182974207	G	A	0.0030962997817665823	0.0022910049056118135	0.17653439046362418	0.26379706432041444	400000
rs100359	16	183128904	T	C	0.002072381897354077	0.002272933446179324	0.3618922686092675	0.49	400000
rs100360	14	183676001	A	G	-0.003911442621619742	0.0022565357317811618	0.08302746400402997	0.29581359405501595	400000
rs100361	12	183733566	C	T	-0.004962679733137913	0.002403368043580728	0.038933838968103755	0.49	400000
rs100362	19	183784092	G	A	-0.0057293091900659406	0.0029392659760530747	0.05126781064747105	0.17755684866097332	400000
rs100363	15	183984073	T	C	0.0016788764452775088	0.0026022268878836247	0.5188175917903801	0.2755763601599935	400000
rs100364	2	185125585	A	G	0.004410354138115953	0.005920006622895856	0.4562769070019299	0.035679504476319	400000
rs100365	2	185523489	C	T	-0.009983019421864841	0.010811927236888768	0.35583320363972315	0.011076476359367884	400000
rs100366	22	186370428	G	A	0.0015014457227758911	0.003007342123136401	0.6175962083896314	0.20634557899704375	400000
rs100367	19	186588834	T	C	0.0004775959655589421	0.003006071375031642	0.8737656865247846	0.13421851929928302	400000
rs100368	22	186727425	A	G	-0.0009138499435474548	0.002488225754786228	0.7134178480110083	0.24022032972436713	400000
rs100369	22	187404943	C	T	0.006854201230822839	0.007064753297782242	0.3319483921872567	0.028754983589271154	400000
rs100370	17	187794507	G	A	-0.0025662984294270493	0.002129822064192929	0.22822816362222698	0.37003772716176936	400000
rs100371	20	188455534	T	C	0.00265275435290099	0.0023116895017408776	0.25115883604112044	0.26739067987314774	400000
rs100372	10	188581132	A	G	-0.0026857431463524206	0.003686566487365051	0.4662943793527743	0.09620655219651181	400000
rs100373	6	189699652	C	T	0.011472213934180972	0.006439504754689743	0.07482481789167723	0.026109000325159754	400000
rs100374	15	190475579	G	A	-0.0022866401013291963	0.00227457117327354	0.3147495155547265	0.49	400000
rs100375	22	190613154	T	C	-0.0007432505879529807	0.0021140774060113663	0.7251592080196603	0.49	400000
rs100376	11	190695762	A	G	0.00016550179221076387	0.0028248827157858853	0.9532809558390221	0.24003197903438958	400000
rs100377	5	190736856	C	T	0.0002290981757962033	0.004378909303322662	0.958274874530556	0.07903877394842866	400000
rs100378	1	191078359	G	A	0.0015741163938435467	0.003207059883159347	0.6235477503525733	0.15566831439603968	400000
rs100379	8	192100046	T	C	-0.0029919754321984485	0.0023271496831065736	0.1985539196808188	0.40909764652473185	400000
rs100380	21	192864812	A	G	-0.00024285908585513133	0.006508802226053942	0.9702359120327988	0.03518981588044546	400000
rs100381	12	192898745	C	T	0.0005855560920413976	0.0042391143010585665	0.8901363278731833	0.06648863972327196	400000
rs100382	12	194363507	G	A	0.12120461964972763	0.0024034080542738407	0.0	0.49	400000
rs100383	5	194510719	T	C	0.001995961457393795	0.004939781930512256	0.6861696149348884	0.06105816355572031	400000
rs100384	7	195212716	A	G	-0.010666831754433528	0.007922660516678528	0.17818324884658965	0.02244401455721011	400000
rs100385	4	196190712	C	T	-0.0009620056413672535	0.0029468346790559982	0.744080971107522	0.1798347681053514	400000
rs100386	6	196574678	G	A	-0.001882572787219904	0.002499485485983168	0.4513392779184491	0.23597134695033767	400000
rs100387	13	196798321	T	C	-0.0008659350140726397	0.002677341388716502	0.7463689088005696	0.21555379418564993	400000
rs100388	20	197119899	A	G	0.003426334521334257	0.0023678303788912227	0.14788699236661212	0.49	400000
rs100389	15	197350488	C	T	0.0034153964581642676	0.002329014369300966	0.1425241743255782	0.25363727004734415	400000
rs100390	3	197400549	G	A	0.006599222826959938	0.00519453504557141	0.20393632292092045	0.054689947862898346	400000
rs100391	8	197972612	T	C	-0.001065409985907678	0.002304798716682908	0.6438968309570694	0.3037402596054269	400000
rs100392	20	198020478	A	G	0.004850878080908787	0.005344623620857963	0.3640799346092545	0.03929977933723401	400000
rs100393	16	198193764	C	T	0.0003800145342681952	0.0033820518057577358	0.9105362834493776	0.10393054782206188	400000
rs100394	13	198206748	G	A	0.00015474525145958533	0.0033943026510223602	0.9636372760547087	0.09868757482887777	400000
rs100395	18	200594780	T	C	-0.00022635250392606052	0.0029259121110497975	0.9383360887283015	0.1796758567310815	400000
rs100396	10	201030361	A	G	0.00461346701830077	0.002623646591702054	0.0786764368884238	0.20285500409244434	400000
rs100397	19	201577904	C	T	0.004237571496183575	0.003102541895465843	0.17198962620484337	0.19426658288282606	400000
rs100398	17	202418785	G	A	0.03185826160122358	0.0031693498787363403	9.003407013329191e-24	0.1509664613736738	400000
rs100399	19	202962197	T	C	-0.0005133244959424382	0.003014219528370246	0.8647734519853787	0.13719849745561122	400000
rs100400	5	204237297	A	G	0.00010151139283007345	0.0025659617587933193	0.968443313307302	0.2865867042615857	400000
rs100401	21	204780344	C	T	0.06747027148595977	0.0027842648595887607	1.006288811920038e-129	0.2508417677556919	400000
rs100402	9	205090234	G	A	-0.001224409099035707	0.0023473699762598583	0.6019426570725414	0.48123116521800235	400000
rs100403	12	205591500	T	C	0.0019451677207825895	0.002073041821305457	0.3480821855502554	0.4204645644111642	400000
rs100404	21	206239534	A	G	-0.006707907193140881	0.0072813490240773975	0.3569224707943247	0.02825660277731737	400000
rs100405	1	206493092	C	T	0.0012117459117122831	0.0030924216692251707	0.6951737127369725	0.17833369033171773	400000
rs100406	1	206984285	G	A	-0.006132117102473711	0.0026781130534004856	0.0220378114057307	0.18579502212964624	400000
rs100407	15	209310488	T	C	-0.0013691400557385954	0.0024865491980220252	0.581895205961811	0.21285563430825669	400000
rs100408	2	209806413	A	G	0.008899659721738808	0.0042834661751479505	0.03773910657874088	0.07537984019788567	400000
rs100409	22	210154086	C	T	0.0032103067007898645	0.003098178973833243	0.3001128140714009	0.12976342210710157	400000
rs100410	16	210211071	G	A	0.004029374974112227	0.0026241991323781673	0.12466880115945952	0.29172855906231193	400000
rs100411	8	210230661	T	C	-0.00161321486338731	0.0024174978683866857	0.5045756298305589	0.2807638096973949	400000
rs100412	13	210409715	A	G	0.00038232167103960396	0.0036842172077731737	0.9173496231545716	0.1230769945916411	400000
rs100413	21	211632759	C	T	0.005148239472591864	0.0040158116869783884	0.19984536381582407	0.08715741444996036	400000
rs100414	1	212052882	G	A	0.001445950658071599	0.0022839397044686514	0.5266716498633057	0.30044674344136196	400000
rs100415	16	212248784	T	C	0.03592108216610979	0.0020753067940227528	4.037016171818875e-67	0.49	400000
rs100416	7	212406938	A	G	0.00400933701372183	0.002458838063142731	0.10297855607554904	0.3079711240281988	400000
rs100417	5	212838421	C	T	-0.003956181454653289	0.003802357223908211	0.29812857636999224	0.10725547009596378	400000
rs100418	22	213216056	G	A	-0.00048473573026642754	0.002631029573074732	0.8538267190563578	0.2797296529812255	400000
rs100419	3	213724958	T	C	-0.004058993679660217	0.002314022625830904	0.07941584711671784	0.3075693237788141	400000
rs100420	12	213753570	A	G	-0.0033033044869369334	0.00301642428246866	0.27347017762990344	0.14168295241404336	400000
rs100421	16	214033430	C	T	0.0022642887405222097	0.0021079124302082804	0.2827395981809777	0.35707210605030054	400000
rs100422	19	214216468	G	A	-0.0021340847748704604	0.002326360148222446	0.358959648869394	0.45333993699818914	400000
rs100423	5	214786847	T	C	0.00210010687411926	0.0028552516961080064	0.4620202742929381	0.15137123226005872	400000
rs100424	22	215162994	A	G	0.0036990033961699885	0.002230350773486916	0.09721960421181991	0.4186481721446773	400000
rs100425	14	215341238	C	T	-0.0004060545717208004	0.0022819980689315063	0.8587715299107703	0.49	400000
rs100426	5	215776155	G	A	0.08178261890161734	0.002556268004660931	1.3655361479158256e-224	0.34572870490295377	400000
rs100427	15	218249285	T	C	0.005050764879769362	0.0067949447870239875	0.45729272966584733	0.025735753989008382	400000
rs100428	17	218490796	A	G	-0.0033825710078226805	0.002769205631769588	0.22189863371875473	0.17921572858266646	400000
rs100429	14	218910114	C	T	-0.001437391570848535	0.0023317156335038013	0.5375960146633172	0.42454334229576063	400000
rs100430	20	219679086	G	A	0.011312936763366296	0.002439197257057844	3.518387272929096e-06	0.32747557520720977	400000
rs100431	5	219891302	T	C	-0.0014382740651195515	0.002679731947627627	0.5914588902611924	0.20432731787469727	400000
rs100432	12	220290695	A	G	0.0024498516516634965	0.003421051603094542	0.47392299850692554	0.14768919917711848	400000
rs100433	16	220436205	C	T	-0.002339602486927697	0.003930805337629682	0.5517119752211846	0.10306709075384397	400000
rs100434	16	220459339	G	A	-7.635255689651292e-05	0.0021719928314008286	0.9719575586591253	0.38390111871226845	400000
rs100435	21	222567159	T	C	0.02211068749566248	0.004133440529357899	8.833354941160861e-08	0.07073010327066143	400000
rs100436	7	222568250	A	G	0.003521022940881021	0.002870971385468844	0.22003984939536558	0.18759084593938333	400000
rs100437	4	223349857	C	T	-0.0012858517601673643	0.002358884964923387	0.585677872134134	0.49	400000
rs100438	1	223350046	G	A	0.0046322129702663795	0.003041544400850798	0.12776357111298492	0.12797913493525426	400000
rs100439	5	223938165	T	C	0.00019595493130148886	0.0032161143211150317	0.951415678942292	0.1541338838699992	400000
rs100440	10	224383356	A	G	-0.0032605078856205675	0.002317348161781841	0.15942751392080812	0.4432266543888109	400000
rs100441	22	224807545	C	T	-0.0003619619554467019	0.0021164055491761473	0.8642027347287059	0.49	400000
rs100442	5	225293381	G	A	-0.0008624141476157705	0.0026903428212366838	0.7485444593197806	0.245945083096071	400000
rs100443	4	226093910	T	C	0.0019788613534611216	0.0033577050038883748	0.5556269277887449	0.15540433489958796	400000
rs100444	2	227111215	A	G	-0.0005319678305506091	0.0020353618285457254	0.7938127551744358	0.4779654561513265	400000
rs100445	20	230668499	C	T	0.0003922236776334392	0.002403180348978085	0.8703528921287981	0.2788839145553382	400000
rs100446	10	230717603	G	A	-0.0011613362406694611	0.0031442438389731073	0.7118645435824408	0.14409354272041608	400000
rs100447	19	231055153	T	C	-0.0018141462268382196	0.003266717147636383	0.5786605483655355	0.16323438844959803	400000
rs100448	1	231145108	A	G	-0.007305987300996455	0.007503925783149418	0.33024425396351675	0.027235167435458958	400000
rs100449	5	231652851	C	T	0.001975239628606223	0.0023620969261069044	0.4030294971315924	0.32408604866393137	400000
rs100450	13	232302370	G	A	-0.0005056152012983845	0.0029200470337705886	0.8625310860716277	0.20272385009261032	400000
rs100451	4	232902576	T	C	-0.0013614424159467124	0.004326284755006572	0.7529963590166129	0.07295621716893669	400000
rs100452	16	233367683	A	G	-0.00046151086423112264	0.002328347647961698	0.842877713836032	0.373801909723448	400000
rs100453	16	234511824	C	T	-0.0014787381252281504	0.0021782609353153074	0.49722543594562074	0.4029463385204672	400000
rs100454	2	235363537	G	A	-0.0009837590298749795	0.003159641952059077	0.7555334757577994	0.1277555383179389	400000
rs100455	17	235575177	T	C	0.0005171374433466574	0.00251489524569919	0.8370800864270557	0.23776710550844654	400000
rs100456	20	235576534	A	G	-0.0030199113179232456	0.0029202236460717512	0.3010721215703128	0.1836177724302513	400000
rs100457	12	235999057	C	T	-0.003015261208163877	0.00339040248588652	0.3738139368342136	0.09903634906863026	400000
rs100458	18	236208383	G	A	0.003502440311717096	0.0025411599306143793	0.16811559227829243	0.3463470797710488	400000
rs100459	3	236431246	T	C	-0.001015503335163855	0.00279940743541338	0.7167867649526545	0.16582951464735704	400000
rs100460	1	236556534	A	G	-0.0012652243151273278	0.0022938981426101315	0.5812492937205798	0.30429763972960394	400000
rs100461	1	237096526	C	T	-0.0032691219010380617	0.0024326147583701345	0.1789899093435796	0.3070772299686583	400000
rs100462	19	237335932	G	A	0.03638504992311287	0.003651032352425334	2.1537707599820443e-23	0.1150584851954904	400000
rs100463	11	237415050	T	C	-0.0023307604160948624	0.0022073145539887188	0.2910021096711718	0.3176422385592996	400000
rs100464	5	237512131	A	G	-4.351994106123156e-05	0.0028458056561192534	0.9877986975043561	0.17334624311874203	400000
rs100465	12	237730420	C	T	-0.004823410282001212	0.0028237047429122875	0.08760200803294609	0.25008147456519697	400000
rs100466	3	237760514	G	A	0.0031356963943652214	0.0038325600569582893	0.4132585239861616	0.08431124925182037	400000
rs100467	1	239077364	T	C	0.0041287571751025785	0.0035082935553857747	0.23925288929439403	0.10516629989824178	400000
rs100468	1	239219466	A	G	0.0015238417576453648	0.0031450521569780145	0.6280166288207722	0.1743546542060183	400000
rs100469	8	239480889	C	T	-0.0031371905058089726	0.0020444647288693748	0.12491157752418706	0.45173631999954766	400000
rs100470	10	239921503	G	A	0.0027056449170540556	0.003225759456004795	0.40160279789272035	0.13727990204413598	400000
rs100471	11	240307243	T	C	-0.004900532560816109	0.0059231745768066	0.4080392784334468	0.035170773280387105	400000
rs100472	12	240464921	A	G	-0.002917584485642259	0.0024915922736141877	0.24161008086332791	0.2487048402953636	400000
rs100473	13	240475901	C	T	-0.003275458219126549	0.008541827795453916	0.7013779478932565	0.015949305479245862	400000
rs100474	12	240663907	G	A	-0.001672975272286616	0.004147519453919017	0.6866777642952255	0.06557431039534875	400000
rs100475	14	240964793	T	C	-0.0010890860623556941	0.0021563983188758544	0.613524665572265	0.47301533707926413	400000
rs100476	2	241213684	A	G	0.0026259367960924564	0.0020617020407002443	0.202778886637357	0.4150320098506562	400000
rs100477	19	241539820	C	T	0.007180519935871425	0.0035691555574727855	0.04423828254705731	0.1251167116811868	400000
rs100478	18	241687490	G	A	-0.00413192009593851	0.0030179021472449825	0.17095659907268224	0.1560752014111486	400000
rs100479	3	241943927	T	C	-0.0026237096426240465	0.00380892313462788	0.4909287474149573	0.0928606239107697	400000
rs100480	17	242382656	A	G	0.0006843943853444756	0.004794412350480463	0.886488940944575	0.06788711022989712	400000
rs100481	8	242820729	C	T	-0.001030132198632355	0.0026500861750131085	0.697485881917832	0.25386650979472575	400000
rs100482	10	242883611	G	A	0.0008254695578580303	0.0020667805278538776	0.6895994153842714	0.3899154838017388	400000
rs100483	2	243130927	T	C	0.005343907554957642	0.005834053481608145	0.3596745756908274	0.04560424382644207	400000
rs100484	19	243294742	A	G	0.001593420775795484	0.002126358679937551	0.45363667257534157	0.4570943491572191	400000
rs100485	9	244350896	C	T	0.002424148470255834	0.0039757503901324725	0.5420383143856187	0.07239723186284028	400000
rs100486	7	244574694	G	A	0.010502746909837955	0.006330405198138161	0.09709654570698383	0.03591744433469493	400000
rs100487	4	245298087	T	C	-0.016174191431442116	0.010179186940524856	0.1120722949847521	0.012215308953207724	400000
rs100488	21	245470825	A	G	0.003984085025265242	0.002691751475919485	0.1388442156288944	0.21360893429625075	400000
rs100489	18	246938987	C	T	-0.0008991942629997456	0.00217726992214169	0.6796127431017815	0.39011800138473623	400000
rs100490	13	247032411	G	A	0.001896641608106791	0.002415718611707145	0.43238015386624007	0.32191459332851663	400000
rs100491	11	248212966	T	C	-0.0049407692814774406	0.00479841830855557	0.3031667141428803	0.05222816875252361	400000
rs100492	4	248530139	A	G	-0.0025028305327045195	0.0027549152148955707	0.36361601918929776	0.25962259014991523	400000
rs100493	21	248941943	C	T	0.0014207688471154468	0.002145796319463758	0.5078960548666425	0.4074342333963422	400000
rs100494	4	249001134	G	A	-0.005790312676068257	0.003002137472725624	0.053764387053734666	0.20139223468287323	400000
rs100495	10	249151345	T	C	0.002239194053088062	0.002263087554313195	0.3224468956994485	0.49	400000
rs100496	5	249290132	A	G	0.0034742662501355795	0.002757434039699408	0.2076825287955466	0.24842510358464065	400000
rs100497	9	249523535	C	T	0.0004177655774364893	0.0023498378429829873	0.858891942743706	0.4372440618441457	400000
rs100498	3	249848135	G	A	0.08202141859714078	0.002671462097681367	5.219218249898947e-207	0.25342813417812976	400000
rs100499	17	249988286	T	C	-0.00207943334438948	0.002494413608490834	0.40448605111156355	0.24906060801944305	400000
