CHR	SNP	CM	BP	A1	A2
5	rs100000	0.0	1030167	A	G
22	rs100001	0.0	1860448	C	T
22	rs100002	0.0	1955637	A	G
8	rs100003	0.0	2470685	C	T
9	rs100004	0.0	2587109	A	G
20	rs100005	0.0	2682352	C	T
14	rs100006	0.0	3138165	A	G
6	rs100007	0.0	3574696	C	T
15	rs100008	0.0	3834980	A	G
15	rs100009	0.0	3835655	C	T
16	rs100010	0.0	3905765	A	G
10	rs100011	0.0	4931558	C	T
12	rs100012	0.0	5588250	A	G
13	rs100013	0.0	5841388	C	T
10	rs100014	0.0	6532592	A	G
14	rs100015	0.0	6821881	C	T
13	rs100016	0.0	7951710	A	G
20	rs100017	0.0	8508597	C	T
16	rs100018	0.0	8919844	A	G
5	rs100019	0.0	9586530	C	T
14	rs100020	0.0	9974254	A	G
22	rs100021	0.0	10549978	C	T
7	rs100022	0.0	10843803	A	G
13	rs100023	0.0	11053177	C	T
18	rs100024	0.0	11131663	A	G
4	rs100025	0.0	11800007	C	T
9	rs100026	0.0	12218147	A	G
18	rs100027	0.0	12975082	C	T
12	rs100028	0.0	13453894	A	G
11	rs100029	0.0	13763811	C	T
1	rs100030	0.0	13798793	A	G
1	rs100031	0.0	13840236	C	T
5	rs100032	0.0	15082206	A	G
7	rs100033	0.0	15231679	C	T
18	rs100034	0.0	15676913	A	G
15	rs100035	0.0	16329510	C	T
19	rs100036	0.0	16943749	A	G
6	rs100037	0.0	17744074	C	T
4	rs100038	0.0	18199678	A	G
9	rs100039	0.0	18513309	C	T
5	rs100040	0.0	18632850	A	G
7	rs100041	0.0	18656815	C	T
9	rs100042	0.0	18884638	A	G
19	rs100043	0.0	19162095	C	T
17	rs100044	0.0	19389710	A	G
4	rs100045	0.0	20168857	C	T
5	rs100046	0.0	21166428	A	G
18	rs100047	0.0	21293142	C	T
9	rs100048	0.0	21443929	A	G
5	rs100049	0.0	21524535	C	T
21	rs100050	0.0	21772439	A	G
17	rs100051	0.0	22145630	C	T
16	rs100052	0.0	22866719	A	G
17	rs100053	0.0	24172187	C	T
15	rs100054	0.0	24287547	A	G
1	rs100055	0.0	24466155	C	T
13	rs100056	0.0	24743167	A	G
3	rs100057	0.0	26114806	C	T
5	rs100058	0.0	26123589	A	G
16	rs100059	0.0	28052106	C	T
18	rs100060	0.0	28196950	A	G
2	rs100061	0.0	28486251	C	T
1	rs100062	0.0	32157473	A	G
21	rs100063	0.0	32397807	C	T
8	rs100064	0.0	32591446	A	G
18	rs100065	0.0	33106180	C	T
5	rs100066	0.0	35294432	A	G
9	rs100067	0.0	35630407	C	T
18	rs100068	0.0	35884255	A	G
11	rs100069	0.0	36522778	C	T
15	rs100070	0.0	36710059	A	G
13	rs100071	0.0	36814260	C	T
11	rs100072	0.0	37081091	A	G
7	rs100073	0.0	37242346	C	T
18	rs100074	0.0	37524641	A	G
1	rs100075	0.0	37936636	C	T
14	rs100076	0.0	38168966	A	G
10	rs100077	0.0	38417338	C	T
9	rs100078	0.0	38768326	A	G
20	rs100079	0.0	39279908	C	T
16	rs100080	0.0	40274083	A	G
20	rs100081	0.0	40570335	C	T
22	rs100082	0.0	41055922	A	G
6	rs100083	0.0	41079825	C	T
7	rs100084	0.0	41870484	A	G
4	rs100085	0.0	42005460	C	T
4	rs100086	0.0	42116535	A	G
20	rs100087	0.0	42375645	C	T
7	rs100088	0.0	43483400	A	G
5	rs100089	0.0	43588064	C	T
5	rs100090	0.0	43859564	A	G
9	rs100091	0.0	45649270	C	T
21	rs100092	0.0	47170898	A	G
14	rs100093	0.0	47333697	C	T
11	rs100094	0.0	47592565	A	G
5	rs100095	0.0	47876881	C	T
1	rs100096	0.0	48254863	A	G
8	rs100097	0.0	48433241	C	T
3	rs100098	0.0	49157535	A	G
13	rs100099	0.0	49404014	C	T
15	rs100100	0.0	50291260	A	G
17	rs100101	0.0	50310813	C	T
2	rs100102	0.0	50408945	A	G
14	rs100103	0.0	51229906	C	T
6	rs100104	0.0	51838992	A	G
22	rs100105	0.0	52434038	C	T
6	rs100106	0.0	52799652	A	G
18	rs100107	0.0	53975117	C	T
9	rs100108	0.0	55201666	A	G
18	rs100109	0.0	55370936	C	T
17	rs100110	0.0	55910996	A	G
7	rs100111	0.0	56318845	C	T
22	rs100112	0.0	56675037	A	G
14	rs100113	0.0	56879505	C	T
12	rs100114	0.0	57481732	A	G
17	rs100115	0.0	57841096	C	T
13	rs100116	0.0	57997845	A	G
10	rs100117	0.0	58685607	C	T
17	rs100118	0.0	60245539	A	G
1	rs100119	0.0	61394439	C	T
16	rs100120	0.0	61796147	A	G
15	rs100121	0.0	62413095	C	T
14	rs100122	0.0	62518118	A	G
11	rs100123	0.0	63141724	C	T
3	rs100124	0.0	63150261	A	G
13	rs100125	0.0	63557029	C	T
9	rs100126	0.0	63915801	A	G
8	rs100127	0.0	65508448	C	T
22	rs100128	0.0	66304068	A	G
5	rs100129	0.0	67127109	C	T
2	rs100130	0.0	67987171	A	G
7	rs100131	0.0	68005612	C	T
11	rs100132	0.0	68410525	A	G
11	rs100133	0.0	68754927	C	T
17	rs100134	0.0	69228176	A	G
21	rs100135	0.0	69370802	C	T
5	rs100136	0.0	69434949	A	G
22	rs100137	0.0	69765004	C	T
6	rs100138	0.0	70377029	A	G
16	rs100139	0.0	70468601	C	T
8	rs100140	0.0	70659594	A	G
6	rs100141	0.0	71100694	C	T
22	rs100142	0.0	71683757	A	G
11	rs100143	0.0	72910341	C	T
5	rs100144	0.0	73672364	A	G
8	rs100145	0.0	74189834	C	T
7	rs100146	0.0	74589583	A	G
8	rs100147	0.0	76339916	C	T
18	rs100148	0.0	77211829	A	G
7	rs100149	0.0	77834509	C	T
5	rs100150	0.0	78207447	A	G
6	rs100151	0.0	78552758	C	T
14	rs100152	0.0	78994682	A	G
19	rs100153	0.0	79202838	C	T
10	rs100154	0.0	80175453	A	G
15	rs100155	0.0	80206869	C	T
7	rs100156	0.0	80825414	A	G
8	rs100157	0.0	81085437	C	T
11	rs100158	0.0	81322808	A	G
3	rs100159	0.0	81935640	C	T
11	rs100160	0.0	82753468	A	G
21	rs100161	0.0	83291984	C	T
15	rs100162	0.0	84534996	A	G
11	rs100163	0.0	84913445	C	T
19	rs100164	0.0	85073305	A	G
19	rs100165	0.0	85324370	C	T
15	rs100166	0.0	87158023	A	G
3	rs100167	0.0	89244017	C	T
10	rs100168	0.0	89550024	A	G
14	rs100169	0.0	89971518	C	T
5	rs100170	0.0	90364707	A	G
19	rs100171	0.0	90384339	C	T
14	rs100172	0.0	90657812	A	G
12	rs100173	0.0	91775296	C	T
10	rs100174	0.0	92168146	A	G
6	rs100175	0.0	92290614	C	T
12	rs100176	0.0	92653918	A	G
21	rs100177	0.0	93520528	C	T
4	rs100178	0.0	94091443	A	G
19	rs100179	0.0	94369381	C	T
8	rs100180	0.0	94384504	A	G
1	rs100181	0.0	94815297	C	T
16	rs100182	0.0	95001336	A	G
2	rs100183	0.0	95635332	C	T
9	rs100184	0.0	95813709	A	G
6	rs100185	0.0	95874902	C	T
7	rs100186	0.0	96089578	A	G
2	rs100187	0.0	96407190	C	T
2	rs100188	0.0	97184685	A	G
22	rs100189	0.0	97466548	C	T
13	rs100190	0.0	97523391	A	G
21	rs100191	0.0	98503178	C	T
18	rs100192	0.0	99295605	A	G
8	rs100193	0.0	99656751	C	T
6	rs100194	0.0	99662803	A	G
11	rs100195	0.0	100521795	C	T
13	rs100196	0.0	100752459	A	G
22	rs100197	0.0	101239039	C	T
14	rs100198	0.0	102233352	A	G
10	rs100199	0.0	102501650	C	T
13	rs100200	0.0	102875858	A	G
20	rs100201	0.0	102937604	C	T
1	rs100202	0.0	102975921	A	G
3	rs100203	0.0	103027199	C	T
14	rs100204	0.0	103297491	A	G
7	rs100205	0.0	104290682	C	T
2	rs100206	0.0	104773069	A	G
7	rs100207	0.0	106070655	C	T
7	rs100208	0.0	106505909	A	G
5	rs100209	0.0	107880954	C	T
19	rs100210	0.0	107949753	A	G
19	rs100211	0.0	108039211	C	T
20	rs100212	0.0	108160537	A	G
15	rs100213	0.0	108666495	C	T
8	rs100214	0.0	108737108	A	G
8	rs100215	0.0	108764503	C	T
22	rs100216	0.0	110170981	A	G
19	rs100217	0.0	110337171	C	T
1	rs100218	0.0	111277193	A	G
6	rs100219	0.0	111476719	C	T
7	rs100220	0.0	111718116	A	G
18	rs100221	0.0	111920990	C	T
12	rs100222	0.0	112165097	A	G
4	rs100223	0.0	112390572	C	T
17	rs100224	0.0	112449426	A	G
14	rs100225	0.0	112620281	C	T
1	rs100226	0.0	113853885	A	G
15	rs100227	0.0	114468787	C	T
4	rs100228	0.0	114520476	A	G
14	rs100229	0.0	115122798	C	T
7	rs100230	0.0	115794578	A	G
10	rs100231	0.0	116093776	C	T
11	rs100232	0.0	116445561	A	G
21	rs100233	0.0	116500981	C	T
16	rs100234	0.0	117148107	A	G
18	rs100235	0.0	118072419	C	T
2	rs100236	0.0	118183013	A	G
4	rs100237	0.0	118186700	C	T
5	rs100238	0.0	118491493	A	G
20	rs100239	0.0	119492788	C	T
18	rs100240	0.0	120439063	A	G
9	rs100241	0.0	120656193	C	T
16	rs100242	0.0	121195759	A	G
14	rs100243	0.0	121269895	C	T
6	rs100244	0.0	121277574	A	G
17	rs100245	0.0	121835141	C	T
20	rs100246	0.0	121950274	A	G
18	rs100247	0.0	123011120	C	T
7	rs100248	0.0	123083149	A	G
16	rs100249	0.0	125682981	C	T
11	rs100250	0.0	126726380	A	G
17	rs100251	0.0	126862456	C	T
12	rs100252	0.0	127161108	A	G
14	rs100253	0.0	127534450	C	T
20	rs100254	0.0	127670516	A	G
12	rs100255	0.0	127751862	C	T
15	rs100256	0.0	127822275	A	G
15	rs100257	0.0	128039855	C	T
6	rs100258	0.0	128326132	A	G
8	rs100259	0.0	128541723	C	T
20	rs100260	0.0	128975590	A	G
2	rs100261	0.0	129025937	C	T
3	rs100262	0.0	129349760	A	G
13	rs100263	0.0	129525709	C	T
6	rs100264	0.0	129961549	A	G
6	rs100265	0.0	129989289	C	T
18	rs100266	0.0	130004701	A	G
2	rs100267	0.0	130151963	C	T
10	rs100268	0.0	130325917	A	G
20	rs100269	0.0	130710790	C	T
5	rs100270	0.0	131999013	A	G
7	rs100271	0.0	132743288	C	T
12	rs100272	0.0	132770219	A	G
6	rs100273	0.0	133496617	C	T
20	rs100274	0.0	133875093	A	G
21	rs100275	0.0	134257854	C	T
10	rs100276	0.0	135263854	A	G
15	rs100277	0.0	136468798	C	T
12	rs100278	0.0	136828653	A	G
2	rs100279	0.0	137037878	C	T
6	rs100280	0.0	137206396	A	G
12	rs100281	0.0	138486525	C	T
16	rs100282	0.0	139444256	A	G
13	rs100283	0.0	140177053	C	T
17	rs100284	0.0	140643512	A	G
6	rs100285	0.0	141004933	C	T
10	rs100286	0.0	141654830	A	G
2	rs100287	0.0	141852374	C	T
14	rs100288	0.0	142652593	A	G
1	rs100289	0.0	143143041	C	T
2	rs100290	0.0	144085138	A	G
7	rs100291	0.0	144149674	C	T
10	rs100292	0.0	144538489	A	G
16	rs100293	0.0	145415227	C	T
19	rs100294	0.0	146505178	A	G
16	rs100295	0.0	147143232	C	T
12	rs100296	0.0	147459453	A	G
15	rs100297	0.0	148229271	C	T
4	rs100298	0.0	148970801	A	G
8	rs100299	0.0	149254624	C	T
10	rs100300	0.0	150234596	A	G
6	rs100301	0.0	150760162	C	T
21	rs100302	0.0	151546216	A	G
2	rs100303	0.0	151598735	C	T
16	rs100304	0.0	152273996	A	G
12	rs100305	0.0	152553964	C	T
21	rs100306	0.0	152641047	A	G
18	rs100307	0.0	153157759	C	T
13	rs100308	0.0	153432159	A	G
8	rs100309	0.0	153946751	C	T
9	rs100310	0.0	154002310	A	G
9	rs100311	0.0	154110978	C	T
9	rs100312	0.0	154543579	A	G
7	rs100313	0.0	154685799	C	T
20	rs100314	0.0	154973966	A	G
5	rs100315	0.0	155197632	C	T
14	rs100316	0.0	155243635	A	G
18	rs100317	0.0	155348009	C	T
21	rs100318	0.0	155863449	A	G
13	rs100319	0.0	156593486	C	T
14	rs100320	0.0	156597044	A	G
15	rs100321	0.0	156793312	C	T
6	rs100322	0.0	158440217	A	G
15	rs100323	0.0	158457665	C	T
6	rs100324	0.0	159194604	A	G
12	rs100325	0.0	159263081	C	T
17	rs100326	0.0	159448850	A	G
2	rs100327	0.0	159833091	C	T
4	rs100328	0.0	160006967	A	G
18	rs100329	0.0	160239924	C	T
8	rs100330	0.0	160323765	A	G
14	rs100331	0.0	160854996	C	T
9	rs100332	0.0	161524989	A	G
17	rs100333	0.0	161740474	C	T
16	rs100334	0.0	161779174	A	G
16	rs100335	0.0	162361216	C	T
12	rs100336	0.0	162625625	A	G
22	rs100337	0.0	163171663	C	T
20	rs100338	0.0	163771824	A	G
22	rs100339	0.0	163819722	C	T
8	rs100340	0.0	164710712	A	G
11	rs100341	0.0	165227262	C	T
3	rs100342	0.0	166395242	A	G
20	rs100343	0.0	166578052	C	T
12	rs100344	0.0	167074258	A	G
13	rs100345	0.0	167127502	C	T
5	rs100346	0.0	167908717	A	G
6	rs100347	0.0	167971011	C	T
18	rs100348	0.0	168274713	A	G
12	rs100349	0.0	168383402	C	T
16	rs100350	0.0	168511919	A	G
1	rs100351	0.0	170602474	C	T
12	rs100352	0.0	171424423	A	G
15	rs100353	0.0	171565847	C	T
19	rs100354	0.0	172658972	A	G
14	rs100355	0.0	173422124	C	T
5	rs100356	0.0	173560273	A	G
16	rs100357	0.0	174080644	C	T
11	rs100358	0.0	174169288	A	G
12	rs100359	0.0	174352177	C	T
6	rs100360	0.0	174484471	A	G
10	rs100361	0.0	176072457	C	T
16	rs100362	0.0	176190742	A	G
21	rs100363	0.0	177897096	C	T
5	rs100364	0.0	178517631	A	G
22	rs100365	0.0	178874182	C	T
12	rs100366	0.0	180060256	A	G
1	rs100367	0.0	180488295	C	T
5	rs100368	0.0	181072271	A	G
12	rs100369	0.0	181219926	C	T
16	rs100370	0.0	181709584	A	G
6	rs100371	0.0	182107143	C	T
5	rs100372	0.0	183057385	A	G
20	rs100373	0.0	183805062	C	T
19	rs100374	0.0	183906385	A	G
8	rs100375	0.0	183931187	C	T
8	rs100376	0.0	184345601	A	G
7	rs100377	0.0	184525878	C	T
12	rs100378	0.0	185166559	A	G
19	rs100379	0.0	185346020	C	T
19	rs100380	0.0	185536139	A	G
15	rs100381	0.0	186490106	C	T
19	rs100382	0.0	186560257	A	G
17	rs100383	0.0	186767939	C	T
1	rs100384	0.0	187177343	A	G
3	rs100385	0.0	187385049	C	T
21	rs100386	0.0	187720570	A	G
1	rs100387	0.0	189585467	C	T
14	rs100388	0.0	189986391	A	G
22	rs100389	0.0	191260917	C	T
13	rs100390	0.0	191401049	A	G
4	rs100391	0.0	191408456	C	T
1	rs100392	0.0	191463413	A	G
10	rs100393	0.0	191482226	C	T
7	rs100394	0.0	191980753	A	G
20	rs100395	0.0	192164296	C	T
6	rs100396	0.0	192957596	A	G
18	rs100397	0.0	193679485	C	T
13	rs100398	0.0	194180905	A	G
2	rs100399	0.0	194508113	C	T
11	rs100400	0.0	194656404	A	G
7	rs100401	0.0	194905409	C	T
17	rs100402	0.0	195572902	A	G
15	rs100403	0.0	196257480	C	T
11	rs100404	0.0	199225351	A	G
2	rs100405	0.0	199265349	C	T
11	rs100406	0.0	200815956	A	G
14	rs100407	0.0	200872846	C	T
9	rs100408	0.0	201154704	A	G
13	rs100409	0.0	201172891	C	T
9	rs100410	0.0	201224388	A	G
15	rs100411	0.0	201906643	C	T
2	rs100412	0.0	202456322	A	G
22	rs100413	0.0	202595598	C	T
10	rs100414	0.0	203074694	A	G
4	rs100415	0.0	203411107	C	T
6	rs100416	0.0	205493269	A	G
13	rs100417	0.0	205540608	C	T
4	rs100418	0.0	205897140	A	G
2	rs100419	0.0	207742805	C	T
13	rs100420	0.0	208380584	A	G
10	rs100421	0.0	208414012	C	T
7	rs100422	0.0	208643271	A	G
5	rs100423	0.0	209213381	C	T
4	rs100424	0.0	210102983	A	G
7	rs100425	0.0	210643471	C	T
21	rs100426	0.0	211392950	A	G
10	rs100427	0.0	212159937	C	T
11	rs100428	0.0	212233132	A	G
12	rs100429	0.0	213315719	C	T
18	rs100430	0.0	213513061	A	G
20	rs100431	0.0	214537429	C	T
4	rs100432	0.0	214586746	A	G
1	rs100433	0.0	215363029	C	T
3	rs100434	0.0	215412694	A	G
8	rs100435	0.0	215701963	C	T
4	rs100436	0.0	216125627	A	G
12	rs100437	0.0	216397381	C	T
17	rs100438	0.0	216677594	A	G
5	rs100439	0.0	217607033	C	T
17	rs100440	0.0	219232171	A	G
18	rs100441	0.0	219271325	C	T
2	rs100442	0.0	219344541	A	G
22	rs100443	0.0	219503436	C	T
22	rs100444	0.0	219891161	A	G
16	rs100445	0.0	220099546	C	T
12	rs100446	0.0	220140033	A	G
9	rs100447	0.0	221459618	C	T
3	rs100448	0.0	222291910	A	G
13	rs100449	0.0	222677032	C	T
2	rs100450	0.0	222767476	A	G
13	rs100451	0.0	223440992	C	T
16	rs100452	0.0	224069190	A	G
3	rs100453	0.0	224383502	C	T
4	rs100454	0.0	224457488	A	G
6	rs100455	0.0	225760508	C	T
16	rs100456	0.0	226117946	A	G
3	rs100457	0.0	226260574	C	T
10	rs100458	0.0	226429859	A	G
5	rs100459	0.0	226800784	C	T
5	rs100460	0.0	227412911	A	G
18	rs100461	0.0	227959334	C	T
12	rs100462	0.0	228076747	A	G
2	rs100463	0.0	228363966	C	T
7	rs100464	0.0	229895966	A	G
9	rs100465	0.0	232562826	C	T
10	rs100466	0.0	232818265	A	G
5	rs100467	0.0	235472963	C	T
15	rs100468	0.0	235488994	A	G
3	rs100469	0.0	235525421	C	T
18	rs100470	0.0	236074732	A	G
6	rs100471	0.0	236372489	C	T
6	rs100472	0.0	237536261	A	G
5	rs100473	0.0	238111306	C	T
13	rs100474	0.0	238606416	A	G
22	rs100475	0.0	239136312	C	T
3	rs100476	0.0	239375720	A	G
5	rs100477	0.0	239574712	C	T
3	rs100478	0.0	240331431	A	G
2	rs100479	0.0	240729174	C	T
15	rs100480	0.0	242579249	A	G
12	rs100481	0.0	244002946	C	T
1	rs100482	0.0	244585904	A	G
10	rs100483	0.0	245369222	C	T
2	rs100484	0.0	245394398	A	G
8	rs100485	0.0	245473833	C	T
5	rs100486	0.0	245510975	A	G
18	rs100487	0.0	245568681	C	T
2	rs100488	0.0	245582938	A	G
21	rs100489	0.0	245641559	C	T
18	rs100490	0.0	246468325	A	G
13	rs100491	0.0	246595591	C	T
9	rs100492	0.0	247506147	A	G
6	rs100493	0.0	247612588	C	T
16	rs100494	0.0	248080430	A	G
15	rs100495	0.0	248232104	C	T
20	rs100496	0.0	248416859	A	G
15	rs100497	0.0	248475761	C	T
9	rs100498	0.0	248924618	A	G
6	rs100499	0.0	249166089	C	T
