SNP	enformer_score	turf_score	conservation	regulomedb_rank
rs100000	0.23463404498842955	0.17672523290907127	0.025152000171757262	4
rs100001	1.5050607154587605	0.11497680286172739	0.3651628248719352	7
rs100002	0.6583728467727247	0.04622754686267031	0.5149094202126377	1
rs100003	0.4564712768879766	0.4983396089487093	0.2760067583756152	4
rs100004	0.08481243523117314	0.4808171104256128	0.3188045983393832	3
rs100005	0.08479814595730259	0.45015277145501226	0.20473809052322492	3
rs100006	0.029919384304340338	0.31485465592718676	0.23864317653802208	7
rs100007	1.0056154322399697	0.3458306244455384	0.0014819123588716678	1
rs100008	0.45954107681363227	0.5386521682270735	0.40490358792979914	4
rs100009	0.6156250308522951	0.30617217969438143	0.26356129576322207	4
rs100010	0.010399653999569311	0.14558813424442504	0.35004969647734596	1
rs100011	1.751778737579156	0.4518857472364912	0.30698571436446187	4
rs100012	0.8932147716773375	0.35993742481792457	0.0726304718691848	6
rs100013	0.1193438126244735	0.06190643377169209	0.8562141493409118	1
rs100014	0.10033949437483168	0.2328545928203029	0.5841664067249217	2
rs100015	0.10130571141612853	0.19208246644942936	0.7553155197380081	3
rs100016	0.18137686473023856	0.5199092769591175	0.14378582815058208	2
rs100017	0.3719639154304272	0.22019437403991562	0.3142633691416174	6
rs100018	0.28276853339016833	0.13772023575141254	0.3906965723515208	7
rs100019	0.17211149627697075	0.47197128618272305	0.0561476228251623	6
rs100020	0.47318543694989934	0.1588460545173127	0.07606075533299189	5
rs100021	0.07511726436366933	0.059689475270839516	0.5591536652453469	5
rs100022	0.17275775600120113	0.34081565965226834	0.13527512252222254	5
rs100023	0.22813860911042352	0.30664861826340883	0.03310521318746052	1
rs100024	0.3044673439298875	0.2789555071166884	0.2826463254424013	4
rs100025	0.768968005515456	0.3288097857207583	0.2506197263155431	6
rs100026	0.11136793106434514	0.40649018963913885	0.3241591751522523	2
rs100027	0.36101457751656385	0.32345967824352123	0.1497517588707421	7
rs100028	0.4487523606548803	0.18134288505174043	0.025941079986373933	2
rs100029	0.023781924878204273	0.11034442080402906	0.2938790860173099	2
rs100030	0.46766651032480505	0.06261134174457317	0.07843375906106527	2
rs100031	0.09348062598870821	0.3893738659278771	0.03884181312303547	7
rs100032	0.03363196543965212	0.22081199239815466	0.2966691063324504	5
rs100033	1.4868438967534654	0.17057746068742893	0.15154505566237236	2
rs100034	1.6853151712305863	0.06763603384706811	2.938014193101982e-06	7
rs100035	0.8261657864064383	0.20636937130196562	0.9255359641920693	7
rs100036	0.18164392998437914	0.35879012288277545	0.2163652559571305	4
rs100037	0.05138865750125312	0.316899984774653	0.44636448988277266	7
rs100038	0.5763753815493309	0.1365637082251592	0.04665742438985884	5
rs100039	0.29004542129269917	0.21708374305025172	0.11460168772698483	2
rs100040	0.06507611697722432	0.1363792431986001	0.08312485006801969	7
rs100041	0.34177361406707507	0.06373493040686784	0.11054429765486247	1
rs100042	0.017496860721739543	0.5785716282335199	0.219872286979867	7
rs100043	1.200211443696512	0.16737543318713216	0.10083528123784338	3
rs100044	0.14972888842034304	0.485750585203021	0.2592423357070089	3
rs100045	0.5431278992824902	0.2231288814404552	0.6229471560041536	3
rs100046	0.18677329082881183	0.37344884728495387	0.27256472255560343	7
rs100047	0.3670554479546143	0.38660756941930585	0.25385912240215447	5
rs100048	0.39561189899089877	0.29103929254547434	0.19745639805030707	2
rs100049	0.10219429975395287	0.3584957567261279	0.35438192010246167	6
rs100050	1.7464035663681132	0.36884852544610003	0.1484533994051515	6
rs100051	0.7461226885690704	0.43385584819172346	0.3158696163689552	6
rs100052	1.4025472096457912	0.05932432661715326	0.19221471091251396	5
rs100053	1.1260759987670983	0.15373830274583952	0.5267573324939846	4
rs100054	0.4555272061916375	0.690927168796683	0.1658925505990423	1
rs100055	1.2747176896347026	0.04927096831835294	0.353927777239392	1
rs100056	0.04632772947655781	0.18591584017139418	0.3889384563350534	3
rs100057	0.10906734731563372	0.2715695031402613	0.028283140021946075	3
rs100058	0.023140982843415977	0.3219105263709601	0.4442833392320362	7
rs100059	0.1967660434015434	0.48209428949031524	0.5602656324257328	6
rs100060	0.2460651458971093	0.319706275524256	0.5347457464668081	7
rs100061	0.15828022160441285	0.4916099383257625	0.7741873910391136	6
rs100062	0.882278932620467	0.18417297086710416	0.29077746888238226	3
rs100063	0.22061349976493508	0.029392249773945323	0.0854722697057477	2
rs100064	0.1649014200671246	0.43832440071116074	0.4341314277202968	4
rs100065	0.391203541603873	0.22019917819165558	0.15926843134714472	7
rs100066	0.07594907391031443	0.1272898020531447	0.003909410880536322	4
rs100067	0.8102417978873656	0.5623099425360222	0.07155374979788666	4
rs100068	0.038737934405654505	0.1351692568264888	0.11376947674461389	4
rs100069	2.16707316979366	0.18926525270317185	0.18717650896044422	3
rs100070	0.7397418881207557	0.2788522124309327	0.20233321733685294	1
rs100071	0.11076972025294297	0.2584988688589334	0.3159837389651576	3
rs100072	0.0027687101879677375	0.1713624183536284	0.08208360288143958	4
rs100073	0.844948388743063	0.3902904125361203	0.1720640803664856	3
rs100074	0.6135479536935223	0.13884092876465817	0.08543664279614349	4
rs100075	0.6528314543939995	0.4659217194194351	0.07178210893554082	5
rs100076	0.7376072630217567	0.6157519764816631	0.7388726952857166	6
rs100077	0.038464632756898175	0.3073799210471541	0.24061882581137714	1
rs100078	0.22194633620811624	0.3116610941567272	0.4612333486438305	5
rs100079	0.06157505230222483	0.1347012643177103	0.32260093947825286	2
rs100080	0.9942647858291114	0.7239031844967967	0.27495963802264567	3
rs100081	0.48815059585618703	0.11910027770778647	0.1009122740061837	2
rs100082	0.2009094006256505	0.28538578892011157	0.027992467994195806	7
rs100083	0.032834032902391445	0.514309690041867	0.6179652437790163	3
rs100084	0.18624417520517686	0.15648979507517	0.30307116542789986	6
rs100085	0.19665710659206567	0.26055752603134724	0.06862168430366351	5
rs100086	0.6539378919788704	0.13981359053542353	0.440351808107038	6
rs100087	0.50744467946301	0.388093991336372	0.06306827621562257	7
rs100088	1.0911259562007574	0.4641645770320866	0.034476340280421715	4
rs100089	0.3195330666881549	0.12845804774166797	0.44086785855275307	6
rs100090	0.06368619680775095	0.0552063959733059	0.21352411789979647	6
rs100091	0.6245631721582997	0.017279127080126834	0.3304561337485662	4
rs100092	0.715196376538432	0.15924986868506363	0.10104347927650713	3
rs100093	0.4119437474429144	0.2667449952728772	0.38934928535256874	4
rs100094	0.7369449833606823	0.529692033598347	0.34095134424377227	5
rs100095	0.34040736575513897	0.3071017670062408	0.03928062706249307	6
rs100096	0.3698394193886335	0.2504805636294226	0.36583272139354356	4
rs100097	0.2789070969542137	0.40355832138751585	0.22024984551265675	7
rs100098	0.012873886995056864	0.3696214928596068	0.011111647452310256	7
rs100099	0.05708371759593292	0.22078097776764183	0.4716936929686876	6
rs100100	0.01596684064652691	0.09074148599417395	0.023636404531473643	5
rs100101	0.5058647754637747	0.42629856137072764	0.570485092106862	2
rs100102	0.18869835439754992	0.3076570372812911	0.14402200965000772	5
rs100103	0.35521858856709504	0.08686886954251043	0.134789137833121	1
rs100104	1.1906327649229878	0.31988267906477214	0.014124383482170298	1
rs100105	0.14336941149164917	0.17245945458117015	0.33813633456118924	1
rs100106	0.2641409874413363	0.5236077465948994	0.18275257281797516	6
rs100107	0.7043745737692917	0.14411306049989406	0.18056898504419538	7
rs100108	0.12990257845869702	0.4369016405600799	0.015883104073504645	3
rs100109	0.04005213927508818	0.5620366156958401	0.3441988270203016	7
rs100110	0.17107015194352854	0.20388080864478686	0.050234349080090494	3
rs100111	0.08790417925003143	0.26526006970231497	0.3224530014229652	3
rs100112	1.3274750429403124	0.342996453032718	0.0468160388161146	7
rs100113	0.8254435402422847	0.3081745146780117	0.0699047728621868	6
rs100114	0.5017470952602655	0.07847640863395768	0.03969027631335923	5
rs100115	1.0257598652604065	0.20417842853949858	0.14238598164420915	3
rs100116	0.8139844703702782	0.46757480171249854	0.2121823638155752	2
rs100117	0.10324773817931954	0.22444388214291414	0.25829262305632983	7
rs100118	1.1154067026177805	0.5642742600782021	0.049507563105881995	7
rs100119	0.387549950983086	0.45836380319932735	0.04019244582011651	1
rs100120	0.8236741456517831	0.22873235215695734	0.2616267704573804	5
rs100121	1.1321213246431157	0.19416253232713945	0.213407538069274	1
rs100122	0.19136535820915923	0.11404878475035836	0.33343418074660075	7
rs100123	0.058296080061925416	0.11886389807223895	0.10997901418014523	7
rs100124	0.12934337306969068	0.22430032560849703	0.40081963584335717	3
rs100125	0.2785288463743072	0.1748455929095408	0.1234395372214243	5
rs100126	0.8519148633194725	0.23810184430754955	0.8272626220670157	4
rs100127	0.9856724859399166	0.43794334939116214	0.14407683127291096	2
rs100128	0.0034882045908253235	0.3050820962749862	0.14974826991757179	3
rs100129	0.3574380796692779	0.4110151238583872	0.3477298243090938	7
rs100130	0.27013666045933565	0.23841138620236768	0.19943202592752327	3
rs100131	0.12558366913791225	0.30555856203807996	0.23326912751945678	2
rs100132	0.0638401957728234	0.22431198667381724	0.08040777590636974	7
rs100133	0.20595428993121623	0.22830350418430012	0.0004334441938117657	2
rs100134	1.4315605613455749	0.601389322500987	0.03791602966556758	4
rs100135	0.1951919014407372	0.1861016376343618	0.01144908038250126	3
rs100136	0.36572640288007596	0.33223765339141825	0.18687730582672354	6
rs100137	0.6070434884404274	0.1535906531023021	0.48585914550683157	3
rs100138	0.22598724948348117	0.5895945688191788	0.6352031896224936	1
rs100139	1.7838990691458498	0.13601113584966545	0.4966971777407638	5
rs100140	1.641004932270699	0.1452923245069306	0.6563728574145049	5
rs100141	0.14503064749610264	0.4696325075583425	0.06585173353632505	1
rs100142	0.3438296392319236	0.34705488787399064	0.19699678994003278	7
rs100143	0.1789652300395234	0.2243778179558153	0.22311160225590634	5
rs100144	0.16762483819054086	0.380680807328598	0.37458530196085144	2
rs100145	0.018792238882761266	0.25273846971971753	0.1758626047081205	5
rs100146	0.47024603549129657	0.19184179202086682	0.17328977416529587	5
rs100147	0.34925981641481924	0.21777087913042306	0.3818938240208111	1
rs100148	0.02642554369019624	0.5469541833338392	0.052613459083510936	7
rs100149	0.16331296050518468	0.43202781936331336	0.39091177467648913	4
rs100150	1.1944304755446702	0.337528941637207	0.15027229606184728	5
rs100151	0.13693027607103853	0.2801225539599779	0.25137677305432216	6
rs100152	0.07826543049273488	0.20469271636460634	0.20900700383428944	5
rs100153	0.3361360547368181	0.19782889115756616	0.579863739628229	4
rs100154	2.12201849130763	0.42009875160522375	0.030001245448335764	1
rs100155	0.1385724067798631	0.0945684310647346	0.4326326494439186	4
rs100156	0.5575775051486467	0.0683369109310005	0.3066981605446402	1
rs100157	0.7169438131197314	0.37337115119161546	0.24794413032983006	2
rs100158	0.1356665861679029	0.18149745939782988	0.3928781004055061	1
rs100159	0.6513744642461581	0.4688203508208859	0.21589445747993607	2
rs100160	0.229261399632152	0.4418376196321603	0.0644053828318708	2
rs100161	0.5002518738658857	0.27311956524215825	0.3560701888901209	1
rs100162	0.5019189135688191	0.4417392325829916	0.09495157977025649	6
rs100163	0.3836926249761744	0.45149946593464635	0.17286256810304218	3
rs100164	0.04731457940581048	0.5143025110676812	0.12317490101183164	1
rs100165	0.9018223971231485	0.19848042283768558	0.3231496985257649	5
rs100166	0.1934051468336983	0.05624495924290872	0.030331717204658375	6
rs100167	0.10321605330377827	0.013096916111202185	0.03001964762997332	6
rs100168	0.0208148798971726	0.4422153449338335	0.4018335137242821	5
rs100169	0.44688920229729173	0.2563288233480382	0.23029866435137247	3
rs100170	0.5659258671336744	0.12008037150759632	0.23862336766899764	6
rs100171	0.00836347377923531	0.2906548683413762	0.11545717547196584	2
rs100172	0.3588152922747442	0.248426499061781	0.1519153426452027	3
rs100173	0.12841207352747883	0.27311496256388507	0.15333627524358157	7
rs100174	0.518062170773846	0.23103274537339663	0.7056009533966641	5
rs100175	0.09580211126956688	0.3977583849607771	0.3047490096370611	3
rs100176	0.5871062637838595	0.12280995074610727	0.2597163763691644	1
rs100177	0.2444793504905509	0.24431246570620366	0.23845562962407524	3
rs100178	1.3801719089021536	0.16905503117317644	0.7458636367710554	2
rs100179	0.07397220671963947	0.3630143517577401	0.04137395719370835	1
rs100180	0.20856621699758587	0.15939157930324252	0.22092012921399237	4
rs100181	0.06022214251849821	0.09801246109614241	0.30700122893973925	5
rs100182	1.2930951985753618	0.32587444392919906	0.5058960784025679	5
rs100183	1.049166853580497	0.3065108052415546	0.005461264338420165	3
rs100184	0.14916368503074445	0.07671218365016587	0.015615317043182211	6
rs100185	0.5393813695219573	0.4728620841435421	0.011067806711543109	1
rs100186	0.8497420363196106	0.31570110112731165	0.090538893892136	4
rs100187	0.40506618034325403	0.20630964194203893	0.4404482505816546	1
rs100188	0.37713970509697303	0.03867293865424374	0.14634518275108382	5
rs100189	0.13843852271895157	0.4168670056078366	0.7028975963850232	1
rs100190	0.048863070237470364	0.30526408172006453	0.29378688154374044	4
rs100191	1.1375616125972614	0.360409463644948	0.07914115565357341	6
rs100192	1.1533872138242134	0.31965237212640535	0.09271610056749115	3
rs100193	0.5013349597414424	0.06039203154803854	0.1720530811745322	2
rs100194	0.20702325490566195	0.21767561927151582	0.045843528320000805	1
rs100195	0.21478380790582197	0.4233910425225104	0.32132686121013476	2
rs100196	0.647232714863559	0.08575359616064851	0.1532936358951032	5
rs100197	1.1370486745536261	0.24114210026316804	0.21144170645988472	3
rs100198	1.0905662846983066	0.10682136950093098	0.1737229772509941	7
rs100199	0.7567810959654516	0.39399743206671656	0.11808853864349587	3
rs100200	0.5136553467838525	0.25572263337086576	0.5291458905082835	1
rs100201	0.04394586309804203	0.3840811292272226	0.06053186594281118	6
rs100202	0.08814710734170575	0.36614580595245383	0.4454474508278059	3
rs100203	1.1441152500887528	0.5816434885743039	0.19690352727375607	1
rs100204	0.46624697348279476	0.5621775612709531	0.10593618200298216	1
rs100205	0.004619802805497205	0.08844444030069641	0.35907981719600096	2
rs100206	0.05349845071797466	0.3446235300029249	0.12341727930935906	3
rs100207	0.5445811936451205	0.6095654722173228	0.062351845990830136	1
rs100208	0.0025372185258985013	0.3141309765261968	0.46937197157724064	2
rs100209	0.08765790805209953	0.6479463612947148	0.15446476990004873	4
rs100210	0.39784892306946584	0.22650191954925245	0.33439001293334275	7
rs100211	0.5886576433274063	0.4532267059451018	0.24929905792582654	2
rs100212	0.5277207410676243	0.5996218506997747	0.7037446269961835	2
rs100213	0.12697493365401225	0.13623186235398355	0.014373090676682751	1
rs100214	0.6227086444492694	0.2361379497655822	0.09994305085995255	5
rs100215	0.13541187952640296	0.6046614565204121	0.09613507744707728	5
rs100216	0.19681745445904222	0.2920487185984639	0.020342537992618814	6
rs100217	0.6861787758328953	0.4004222737895427	0.4668503833663527	5
rs100218	0.524386907151384	0.45077109441955576	0.2387961647445884	2
rs100219	0.9459780387317005	0.18480186641013244	0.0925289820297034	6
rs100220	0.5359066440848812	0.41019293380539773	0.09634831097421015	1
rs100221	0.4200221527936287	0.34973434990572005	0.40249523269616594	3
rs100222	0.04917853072420524	0.17561919698936396	0.11111302852418091	7
rs100223	0.22920815360351002	0.2052622268743936	0.027020889630006446	7
rs100224	0.15408007392941558	0.6085560017364287	0.04089605216796559	2
rs100225	0.13985010183121063	0.14165877053537307	0.15747109097694625	2
rs100226	1.8061547030814629	0.43593946275941003	0.19833442326131318	6
rs100227	0.2496937485200119	0.3082365330185971	0.16627837725108816	1
rs100228	1.1130276056242614	0.45500639880107346	0.11234206231622411	4
rs100229	0.49866719286824157	0.42754908476185066	0.38021691494309046	2
rs100230	0.7919126263441999	0.2781861683282088	0.101434741694691	4
rs100231	0.3492176621943852	0.18524055235766115	0.38120051002709676	4
rs100232	0.4300779513207925	0.5553171992560851	0.12568908863096778	5
rs100233	0.3391467166708467	0.5031820579410835	0.4013788619677462	1
rs100234	0.10860744766261925	0.32184672035858475	0.42412725322456224	7
rs100235	0.6408809015329019	0.2940375021670958	0.10600652614369425	7
rs100236	0.16478868418313147	0.12544938510343312	0.12154616018474805	4
rs100237	0.012308240540344307	0.44440125056011115	0.02750979359210352	7
rs100238	0.518484393147637	0.5757688148776429	0.14375288033697767	1
rs100239	0.09746678511241134	0.12381086556612016	0.1912942287501781	5
rs100240	1.4105415736366516	0.14174247492062755	0.0674749647615307	1
rs100241	1.5387812063940116	0.18727519902269188	0.43200260274975	2
rs100242	1.2317549423169207	0.19126728643193613	0.032201065379027186	4
rs100243	0.23114369824868336	0.2750086185191396	0.20584972710960744	1
rs100244	0.007788657685972191	0.2594732652222252	0.16650279736570256	7
rs100245	1.3177617286659449	0.11601733753096195	0.11224880245879647	3
rs100246	0.27946913852653066	0.5878548997680135	0.041408728110121744	1
rs100247	1.700421008061028	0.14184427607987107	0.38001590274162633	4
rs100248	1.6568677380651027	0.26709409153878366	0.34349141972818237	5
rs100249	0.9586935085897095	0.16934940183695033	0.033886733065713624	7
rs100250	0.17438803408608014	0.5051295998717548	0.12448706916385308	5
rs100251	0.2431459660493468	0.21522630115591282	0.5126024774335104	4
rs100252	0.9523633262390399	0.30267928438841163	0.48523216223951066	7
rs100253	0.19057311571535854	0.6043368946581595	0.11938549901443467	2
rs100254	0.09285930814787739	0.22644282471136645	0.13797170729431282	7
rs100255	0.4068684960301139	0.33001023491704745	0.5125865925851506	2
rs100256	1.375646735403521	0.15526763571837746	0.3964895841683883	5
rs100257	0.5954127988789686	0.2640383541633144	0.14402964308832614	5
rs100258	0.42205616821782777	0.3870555710169233	0.00020548301657878566	4
rs100259	0.05111409867466144	0.12195815794277094	0.2942510416465039	2
rs100260	0.47726535775885887	0.23073436812794024	0.26950980851703177	5
rs100261	2.3052848739231586	0.33743284497625053	0.5284870152115023	2
rs100262	0.07546029332113208	0.07241046297913235	0.16590623365211668	5
rs100263	0.36524766249075186	0.37822073548513974	0.27793126429085263	7
rs100264	1.0493043189503972	0.3194343997975769	0.35526698449276706	1
rs100265	0.675017124176835	0.19725972017809695	0.32393076308506863	3
rs100266	0.5970372126508365	0.28717210051402103	0.032138996230835645	7
rs100267	0.606143778112245	0.6008221918617068	0.07300864586453844	6
rs100268	0.22274617115747455	0.09712260572285623	0.8338279302254632	1
rs100269	0.1737810421335476	0.2750073539162113	0.5790007391146974	6
rs100270	0.8286872536298562	0.5045933992123101	0.025888173930542133	5
rs100271	0.8306640995435144	0.15951835961325392	0.2446741357906805	3
rs100272	1.0089750236839574	0.21444346597451258	0.09238216725652619	3
rs100273	1.2223079809183182	0.46315732764973994	0.19299395962126506	5
rs100274	0.35804661846645186	0.27810240669822206	0.024714094335876815	5
rs100275	0.3480921887755996	0.185040538482732	0.06407129824278594	2
rs100276	0.8004749661542437	0.11455555890742458	0.06569230329250697	5
rs100277	0.5248595374439001	0.4228950555098883	0.006787910851230788	4
rs100278	0.6052753242557585	0.6440679634524121	0.04720373500228075	5
rs100279	0.7943097374771024	0.3083255266751108	0.010725438940736538	4
rs100280	1.1036617381733835	0.4105774245043222	0.09052126079921943	5
rs100281	0.2062412035688271	0.19605420588440753	0.2067914546412152	2
rs100282	0.23546839436377817	0.13887477350878247	0.5206874442804947	4
rs100283	0.04934801959368028	0.09852676123919558	0.06924527026707974	1
rs100284	0.43170701330471734	0.36726113123900356	0.0598959398600728	4
rs100285	0.0183020521054285	0.5073793345737749	0.09477246666848128	7
rs100286	0.3133034740910548	0.2364619685412546	0.46431965603636577	2
rs100287	0.391147292843563	0.4056361401586	0.05059855025540831	6
rs100288	0.16881533015726125	0.26490977098893786	0.03932278138176278	4
rs100289	0.44681626507308764	0.3808117943964557	0.24359850852374196	7
rs100290	0.015487531050737273	0.22533174704489528	0.1302126925599509	7
rs100291	0.01903174964139469	0.04515369517060627	0.3566767571392827	7
rs100292	0.864675684769068	0.16436603283956178	0.26900852787560675	5
rs100293	0.22329251210387235	0.19143069972773935	0.2956601096214673	7
rs100294	0.067944520648714	0.2616461141449531	0.5010858223690161	5
rs100295	0.3693267941395078	0.35639372193893865	0.07776341846775811	6
rs100296	0.7348239702228676	0.08073936672491931	0.11831496954492798	2
rs100297	0.12155900171495168	0.10845747547886783	0.1705490264533839	3
rs100298	0.48760980932824644	0.24552664654232526	0.22809181051324764	5
rs100299	0.04460551449494864	0.5453972463065507	0.5852433371278326	7
rs100300	0.026532547955154702	0.3355411391283527	0.058851447563998335	7
rs100301	0.37895447031276047	0.11193257488627385	0.2399262965579123	1
rs100302	0.3889552213473711	0.07861861954219991	0.13056074126516787	7
rs100303	0.5072687241023079	0.22324955997792298	0.10782922398251689	2
rs100304	0.6474802814583421	0.23934489305310983	0.00309280264021595	4
rs100305	1.8617785043499964	0.4691650839986767	0.19361594952079444	4
rs100306	0.36314555961517814	0.10930101287827769	0.041518142858493645	7
rs100307	0.1950098570529894	0.350841738423868	0.018988748914667376	1
rs100308	0.7928269898663431	0.11473327681688954	0.5162607232796462	5
rs100309	0.15792573271806865	0.5209560844968074	0.31377838011177656	2
rs100310	0.28899171563665066	0.46291911654104495	0.10508796525784185	1
rs100311	0.04085258429183495	0.4458084306295856	0.014659767670453818	5
rs100312	0.01283880477073719	0.45074564735850964	0.5738477773322117	2
rs100313	1.643689961634301	0.207768701685737	0.11236898896729772	7
rs100314	0.9038838210575313	0.5530846398930729	0.1148076401716562	4
rs100315	0.5953213663996708	0.2414057853315312	0.11161369290218158	2
rs100316	0.26292982223257094	0.35219914462398455	0.5642715387001953	7
rs100317	0.09515326807105437	0.5623335554103934	0.2635983101535958	6
rs100318	0.08506037078642707	0.066028107172517	0.4972752535525819	3
rs100319	0.1440029945632918	0.47801036279397796	0.6216378430811922	2
rs100320	0.3983953241566573	0.36195574219105253	0.1532651469506393	3
rs100321	0.6269246438883879	0.4016190764260652	0.533534637443564	2
rs100322	0.5396951748483992	0.14476908879022118	0.22427368101405842	3
rs100323	0.16420613069449796	0.14853618339714061	0.08418548781449844	6
rs100324	1.5490517492781533	0.2673122822770018	0.34991489920390584	4
rs100325	0.6695087024376132	0.2665058948831771	0.13161694285214628	5
rs100326	0.40411524096566565	0.2016844401116823	0.2420388832552656	3
rs100327	0.47301523601871753	0.5191348577625704	0.10998039887156909	6
rs100328	0.2720189327660257	0.012576968831467986	0.13245242100934077	3
rs100329	0.14233064613703175	0.23005953211192406	0.1200287654697204	4
rs100330	0.2200070646615562	0.08916247674529962	0.08075208937633911	3
rs100331	0.7090909238783566	0.5437183231209585	0.6109398309045593	6
rs100332	0.007249039860402138	0.3380641675028336	0.19343823255281406	7
rs100333	0.06169019611998802	0.22099377678765253	0.01965670317252736	6
rs100334	0.023547188476260264	0.12232166966906016	0.0592418253425036	1
rs100335	0.020790725958646214	0.32715774615691906	0.12933816441031185	4
rs100336	0.9671015168078293	0.09997482682028871	0.4911932115892246	7
rs100337	0.6081203058503442	0.33759203987394115	0.5222815660645058	1
rs100338	0.3213922972064462	0.5828544730774738	0.14533045503896225	4
rs100339	0.05147845922390663	0.5490326088038333	0.3794086443759429	7
rs100340	0.3382589828986166	0.1444002153105774	0.37322337775178044	3
rs100341	0.3207251660471856	0.5397886850088234	0.1984194350646453	7
rs100342	0.09509735640011249	0.049103914238015904	0.1223130270297757	6
rs100343	0.2844495656511619	0.2269298672078842	0.443481815886382	1
rs100344	0.25416830729160345	0.1507116244682386	0.15537448330440404	3
rs100345	0.47836121645656726	0.0397742668078514	0.054249159098646076	6
rs100346	0.504057268020456	0.41995867755191874	0.0010718680806442982	4
rs100347	0.023181162010267365	0.4703209324057288	0.397059616133575	7
rs100348	0.23469200232753076	0.45932256242566094	0.3467353082921078	6
rs100349	0.49156249739136426	0.2928697416440324	0.7024893265246447	3
rs100350	0.34971972630389486	0.3253208111970423	0.14727286462153946	1
rs100351	0.9706747265877194	0.608299740483025	0.3643290748768965	1
rs100352	0.5374873820274989	0.227995917813659	0.3698205803013903	7
rs100353	0.08892643438365366	0.3285833899501695	0.29106940440145157	6
rs100354	0.03659121812812042	0.188908839828141	0.030633920738268167	3
rs100355	0.5141970735544455	0.4759491652842039	0.0428604639024941	2
rs100356	0.013434536333697214	0.46195246754850827	0.08018642807235778	4
rs100357	0.44067368890364533	0.33552196724204514	0.007285172277521727	4
rs100358	1.408627727693576	0.2913305263540643	0.6362607276319616	3
rs100359	0.42839122278877223	0.3010360813901332	0.5760156704443711	2
rs100360	0.24565034611195363	0.32719066890772697	0.018181214468850335	1
rs100361	0.515413578922491	0.06764099286707154	0.015034937037363052	7
rs100362	0.30647798702554563	0.33280396452018296	0.006613907829721385	5
rs100363	0.3944071802881601	0.5689403837780267	0.15980630174103094	5
rs100364	1.4190635731164996	0.16873682327409087	0.8350960217847136	7
rs100365	0.24396376367509356	0.32347850774297826	0.08848334233746803	3
rs100366	1.624545930753377	0.25951423642259236	0.21020653956513208	2
rs100367	1.1787880918849596	0.21073410761815942	0.3909324187844479	2
rs100368	0.108948130470225	0.44543893158488235	0.06196618933835222	4
rs100369	0.03594207765157851	0.19252517781702655	0.05093968022628441	1
rs100370	0.053112667740815106	0.4215730229751968	0.09475684045952382	6
rs100371	0.009194943923616852	0.3147556062634345	0.2989499065514867	2
rs100372	0.04960250582787707	0.08917514806890406	0.09399141387303181	7
rs100373	0.5744374362885836	0.18139749745536848	0.6982466734211412	6
rs100374	0.03692481347321351	0.2888520759798477	0.373433491184312	5
rs100375	0.19207859414743425	0.19122046404901066	0.1573444033903061	6
rs100376	0.9317630200486385	0.25463202598101103	0.1565559851772016	1
rs100377	0.011773501590355754	0.26260915795931455	0.4069507980616237	7
rs100378	0.8422652530929793	0.1868577020761625	0.49817903603863356	1
rs100379	0.16554173341981473	0.1235656832485277	0.1225963936350122	6
rs100380	0.06287505991455382	0.3590902667010948	0.23651717530587557	3
rs100381	0.5965777042199567	0.007247912732123117	0.09922312457137397	2
rs100382	0.49569958821661014	0.22541229173963975	0.1910036450656539	7
rs100383	1.0497079070434734	0.3682584032090778	0.06578768219593183	3
rs100384	0.6641467893822002	0.47005375734757493	0.042976528687885	6
rs100385	0.8134979029969891	0.23340795938545686	0.2895120863964393	2
rs100386	0.16566693115336928	0.604550623924786	0.37634134765771793	4
rs100387	0.09766664802022348	0.11161825582150756	0.056322992824653174	3
rs100388	0.6943781980027124	0.29180063638815756	0.2975670665907015	3
rs100389	0.8221045916217098	0.24367885033200437	0.29261996992006334	6
rs100390	2.3285024450701153	0.09117290073823889	0.3041117328730242	5
rs100391	0.2660396770763025	0.34238261216894417	0.5487371277186451	6
rs100392	0.23262195598086635	0.2613583638874165	0.06327200904731901	3
rs100393	0.7489772516717935	0.10545421749979744	0.1697772893897522	2
rs100394	0.20836683546537657	0.33941958951777684	0.6117020069402281	5
rs100395	1.3350689621996632	0.06674404650508572	0.17492228526358292	6
rs100396	0.9774195785831246	0.39484478584956023	0.2362986765650769	7
rs100397	0.28017780472107984	0.17015973446901886	0.19135535417987184	6
rs100398	0.6948923582477305	0.6912093386389426	0.028241483740978734	3
rs100399	0.7023164934275086	0.17016504307163668	0.29059515373275024	3
rs100400	0.05441875940335901	0.25965807209419905	0.21770158050421975	4
rs100401	1.164222840433816	0.34085924943352575	0.003774556947715339	6
rs100402	0.3518537448783772	0.1936145912070428	0.0967762095705892	3
rs100403	0.875666278761665	0.4421189571746821	0.2613070522323551	7
rs100404	0.19286771308225414	0.2918146343826823	0.10345586353674692	1
rs100405	1.129395257272963	0.0431616328618451	0.44167684585373973	5
rs100406	0.2464942270300856	0.08526285170391149	0.34253587724604	1
rs100407	0.005448403307587739	0.47376583548934953	0.2561513733720888	5
rs100408	1.1789536484812269	0.2739533039710695	0.6614471030689196	7
rs100409	0.04786280527423763	0.23739520744884943	0.134431281677089	6
rs100410	0.19232681669251944	0.2670788820929144	0.29554996748666157	4
rs100411	1.4984861915941428	0.1034879707346583	0.28024889759078114	3
rs100412	1.5039747700519948	0.22795113216234186	0.0828858265418618	3
rs100413	0.4259986455276319	0.2627333305254055	0.42719328808637974	3
rs100414	0.4996150401952623	0.6891140409001313	0.20508677626110683	6
rs100415	0.2975073318114288	0.2505649400674639	0.27507637292041615	5
rs100416	0.1735113893730985	0.24464969297662237	0.0580967087546195	7
rs100417	0.19924316727519487	0.2767384149382149	0.2921048772021296	3
rs100418	0.5581617899642531	0.27220512050485735	0.10614398615123283	1
rs100419	0.6979189368315386	0.22994845690931623	0.3254727836988517	3
rs100420	0.7840977081105743	0.42570532098434083	0.4548683712133755	6
rs100421	0.7794155159243709	0.22271118741639412	0.0723006446724448	7
rs100422	0.04781847327015972	0.4773689304451496	0.4878458899764632	4
rs100423	0.341024798286678	0.23101298651698982	0.17299003937095322	7
rs100424	0.029640853224368897	0.43144353619464987	0.06927374660458331	1
rs100425	0.39873065784769646	0.38687976021019077	0.39706114994022945	3
rs100426	0.2912776374936418	0.20867813507832503	0.3208185311600319	3
rs100427	1.0933093321104006	0.09002499819996725	0.09899424053067991	2
rs100428	0.21609580973394255	0.6038569167009646	0.4218828908008104	5
rs100429	0.06225298877622543	0.22652332523012098	0.062315721314357676	1
rs100430	0.07715382727105968	0.3042970610133372	0.1996070190465102	2
rs100431	0.7167152735395469	0.16462586137498683	0.14044385130526676	7
rs100432	0.4814528398740175	0.1823972362349482	0.3272763095061114	4
rs100433	0.05330435612269272	0.4766491048877699	0.7258972917616711	5
rs100434	0.04392776083430254	0.5264086385938195	0.014083203021133256	1
rs100435	0.6036042358265499	0.36092031234155697	0.04890741947351773	3
rs100436	0.03777304476289857	0.2509553296201303	0.021405186109340852	7
rs100437	0.8625929269042907	0.3835316726535463	0.10801456494635898	1
rs100438	0.6124998765650025	0.19591171866205373	0.005742082451541225	3
rs100439	0.04242437529015603	0.2976150813463317	0.12249685310072483	5
rs100440	0.044326933888903346	0.13237350274514814	0.41097981306954745	3
rs100441	2.157729281029046	0.12631168044090502	0.0779630363697415	4
rs100442	0.2344187912761448	0.35476652265808534	0.14277362314492542	7
rs100443	0.23152763023765624	0.3219807096428471	0.23716782255976343	6
rs100444	0.8377877016413385	0.310809260614259	0.009968727261719944	3
rs100445	1.4710822689816219	0.22661352635262422	0.3334649935270976	4
rs100446	2.134386969800992	0.3116613226660596	0.16402602136221658	6
rs100447	0.6999496150581709	0.17217359051439798	0.22521794087136596	7
rs100448	0.23601049980956282	0.041466975212824844	0.08680485874440459	5
rs100449	0.04359699684897863	0.2761974130074415	0.25778289524259107	5
rs100450	0.7506212702273128	0.09425356031693806	0.2734299435751014	7
rs100451	0.4086802037807465	0.4118445340829866	0.6928519772777101	7
rs100452	0.27601656265248686	0.5157009792685964	0.23571918227589175	1
rs100453	1.1841188377390452	0.6342283268293691	0.18931787805012168	4
rs100454	0.05894010398594012	0.27170217319000567	0.12677971582891143	4
rs100455	0.33925255468647714	0.16115555595365097	0.5145026398487222	7
rs100456	0.0057092947162708345	0.3019616530585536	0.10433499080725399	2
rs100457	0.3161771847914631	0.24747616586330073	0.21486353859104998	2
rs100458	0.028975215532962888	0.2773672197869529	0.09958821330511688	6
rs100459	0.06324549796558561	0.47222499596045936	0.09938242715757112	6
rs100460	0.06251311600372814	0.21903951367592533	0.14749099764816437	2
rs100461	0.5237841932034858	0.25130404126245265	0.12010679945287886	7
rs100462	0.6852988587982364	0.13449891422559376	0.2128368050378993	7
rs100463	0.43777688860143427	0.2575375190463321	0.24308904920008478	6
rs100464	1.6373601045511885	0.5758311543371692	0.06255538836292188	3
rs100465	0.2348982889601336	0.17478898807467766	0.06567924744581932	7
rs100466	0.16823457871027936	0.4404393990716352	0.2145285372741533	2
rs100467	1.0147512690851148	0.23996872315505707	0.16755082375240815	4
rs100468	0.1265410338659267	0.4457504855829945	0.5135364854867045	7
rs100469	1.6514350531259554	0.41814573239418396	0.029166727762803504	7
rs100470	0.006114472179484654	0.12477872464880943	0.4895948333645565	3
rs100471	1.7512634614397409	0.4135696874278296	0.2515894380937527	6
rs100472	0.022059499309250948	0.08552216071945434	0.22558000398868067	7
rs100473	1.1088606145800044	0.10238495285184403	0.3206206000939137	5
rs100474	0.37507162517469517	0.22850508874050057	0.012146544354108484	1
rs100475	2.4784143039630164	0.5466614162505907	0.11885523322530765	2
rs100476	0.03833068797722747	0.35108503224370974	0.14243131063075082	5
rs100477	0.4035548318666744	0.13941057604626686	0.21025244455475375	6
rs100478	1.7417876106280026	0.05369951548994858	0.15301780257362194	4
rs100479	0.370221966590522	0.3806987361056626	0.23739692813011057	1
rs100480	0.4963141451905937	0.2794224044294483	0.2498083826171941	5
rs100481	0.5949506190583871	0.3066911814390244	0.12574233423748718	1
rs100482	0.30306387783847544	0.34303308364673246	0.4332598650949873	2
rs100483	0.49383708650401104	0.47611454437072104	0.19146073817044554	6
rs100484	0.4389129309028778	0.2554704259647891	0.010720096304301346	7
rs100485	1.1571163847413237	0.5012006017832084	0.06535521160895826	4
rs100486	0.023255730871740488	0.15400666296079904	0.0686509328612542	6
rs100487	0.16492136294937923	0.06323234040516468	0.08814964170598771	1
rs100488	1.5019980029304656	0.44834545888275384	0.016334441740159175	5
rs100489	1.104837914226743	0.10997586339778063	0.15173849349492718	2
rs100490	0.30408763097981	0.29980310270744265	0.059132248073459	2
rs100491	0.4839665143694886	0.5363077304756033	0.22168036423403456	6
rs100492	0.16243670994756507	0.06705426999363957	0.010484107541011263	7
rs100493	0.10420208071803225	0.3373425781481131	0.014980446360330326	5
rs100494	0.3115292994020494	0.06163751556213369	0.04352728041211385	7
rs100495	0.21797676730836668	0.2669105924136806	0.4811162223938383	7
rs100496	0.4381218530033215	0.014681933127792124	0.055161557013290306	5
rs100497	0.040461142216592395	0.09291290127017372	0.30587743790693006	1
rs100498	1.8324800612612837	0.16208459011388984	0.5184546269156218	6
rs100499	2.1419327877762693	0.05558771864927384	0.03233032867952357	6
